"Only the first 6 cols are mandatory, the others are not needed",,,,,,,,,,
,,,,,,,,,,
,,,,,,,,,,
,,,,,,,,,,
Host_Cell,Host_Sys,Nbr_Cell_1,Nbr_Sys_1,Nbr_Cell_2,Nbr_Sys_2,Action,EcIo_Delta,EcIo_Host,MR_perc,NL_Size
50358,3G_F1,50359,3G_F1,50359,3G_F1,R,-2.727220805,-13.97421826,7.549260269,32
50358,3G_F1,50350,3G_F1,50350,3G_F1,R,-4.412198334,-12.91745109,87.53891732,25
50358,3G_F1,45998,3G_F1,45998,3G_F1,A,-0.06590653,-4.303400791,56.27497175,19
50358,3G_F1,45999,3G_F1,45999,3G_F1,R,-0.097818609,-13.72501043,72.84005022,1
50358,3G_F1,45990,3G_F1,45990,3G_F1,A,-0.987590979,-9.613680301,86.35522218,2
50358,3G_F1,8748,3G_F1,8748,3G_F1,A,-4.060414935,-4.910124322,37.92223328,9
50358,3G_F1,8749,3G_F1,8749,3G_F1,R,-1.417937248,-6.484745678,57.81330672,11
50358,3G_F1,8740,3G_F1,8740,3G_F1,R,-2.05462564,-3.572126501,84.04089308,29
50359,3G_F1,50358,3G_F1,50358,3G_F1,R,-3.654690601,-6.18531655,5.719750279,20
50359,3G_F1,50350,3G_F1,50350,3G_F1,R,-4.086543324,-5.819365661,4.616494328,16
50359,3G_F1,45998,3G_F1,45998,3G_F1,R,-0.418471527,-9.525774572,68.56812458,13
50359,3G_F1,45999,3G_F1,45999,3G_F1,R,-1.016987095,-13.94910028,31.97349601,17
50359,3G_F1,45990,3G_F1,45990,3G_F1,R,-4.841527761,-11.37550689,13.34351334,28
50359,3G_F1,8748,3G_F1,8748,3G_F1,A,-4.25002268,-2.988815319,70.52763594,3
50359,3G_F1,8749,3G_F1,8749,3G_F1,R,-1.680471325,-1.764579991,75.61173155,14
50359,3G_F1,8740,3G_F1,8740,3G_F1,R,-2.422905746,-8.391827636,30.88041292,15
50350,3G_F1,50358,3G_F1,50358,3G_F1,A,-4.784881363,-3.071654779,72.4359732,9
50350,3G_F1,50359,3G_F1,50359,3G_F1,A,-0.321006859,-5.869172431,62.2779239,2
50350,3G_F1,45998,3G_F1,45998,3G_F1,R,-2.063994704,-7.542080956,40.89409898,10
50350,3G_F1,45999,3G_F1,45999,3G_F1,R,-2.748128531,-12.72671784,32.96684404,28
50350,3G_F1,45990,3G_F1,45990,3G_F1,R,-1.538948713,-6.679512706,81.86480979,18
50350,3G_F1,8748,3G_F1,8748,3G_F1,R,-2.913328691,-1.059072465,56.9262496,32
50350,3G_F1,8749,3G_F1,8749,3G_F1,R,-3.548600394,-11.77854797,2.044763854,23
50350,3G_F1,8740,3G_F1,8740,3G_F1,R,-3.014665919,-11.7700234,17.65609728,17
4568,3G_F1,4569,3G_F1,4569,3G_F1,A,-3.866965281,-11.53698122,95.70224796,21
4568,3G_F1,4560,3G_F1,4560,3G_F1,A,-1.076341345,-1.200662222,11.87506899,27
4568,3G_F1,24998,3G_F1,24998,3G_F1,R,-1.478362251,-6.511839802,2.23616214,3
4568,3G_F1,24999,3G_F1,24999,3G_F1,R,-4.436941777,-8.506724687,98.73357367,14
4568,3G_F1,24990,3G_F1,24990,3G_F1,R,-1.628849852,-6.076613627,60.06491372,28
4568,3G_F1,62296,3G_F1,62296,3G_F1,R,-4.581743706,-1.583114852,85.32657976,12
4568,3G_F1,62295,3G_F1,62295,3G_F1,A,-3.825431587,-2.110693709,96.73757152,17
4568,3G_F1,37978,3G_F1,37978,3G_F1,A,-0.416451998,-10.02923484,50.74232863,3
4568,3G_F1,62310,3G_F1,62310,3G_F1,A,-1.491937282,-2.201138669,84.41789273,18
4569,3G_F1,4568,3G_F1,4568,3G_F1,A,-3.462192483,-13.46217167,37.61549646,24
4569,3G_F1,4560,3G_F1,4560,3G_F1,A,-0.118737683,-5.371137245,66.58985835,8
4569,3G_F1,24998,3G_F1,24998,3G_F1,R,-3.034336284,-3.205885133,27.47659056,17
4569,3G_F1,24999,3G_F1,24999,3G_F1,R,-2.337518782,-2.469177312,22.90445442,16
4569,3G_F1,24990,3G_F1,24990,3G_F1,R,-0.845224387,-11.79081192,71.64558132,8
4569,3G_F1,62295,3G_F1,62295,3G_F1,A,-0.187257076,-3.37411527,58.62334266,21
4569,3G_F1,37978,3G_F1,37978,3G_F1,R,-2.240185731,-9.627300566,25.40276658,22
4569,3G_F1,37979,3G_F1,37979,3G_F1,A,-3.48345639,-12.41708842,85.66815596,9
4560,3G_F1,4568,3G_F1,4568,3G_F1,A,-2.329931353,-2.298970139,97.81876716,12
4560,3G_F1,4569,3G_F1,4569,3G_F1,A,-2.334846714,-9.615079259,84.23692042,16
4560,3G_F1,24999,3G_F1,24999,3G_F1,A,-2.691584275,-11.87386385,36.06026861,23
4560,3G_F1,24990,3G_F1,24990,3G_F1,R,-0.890372342,-7.404594538,12.69911197,27
4560,3G_F1,62295,3G_F1,62295,3G_F1,A,-3.023654421,-7.975459469,65.29988966,14
4560,3G_F1,37978,3G_F1,37978,3G_F1,A,-4.898697963,-4.009430943,2.357046416,21
4560,3G_F1,37970,3G_F1,37970,3G_F1,R,-0.826422558,-12.30249263,90.92212073,5
4560,3G_F1,37979,3G_F1,37979,3G_F1,A,-2.21897724,-0.250492606,96.38753579,28
46049,3G_F1,46040,3G_F1,46040,3G_F1,A,-3.721736479,-11.10987172,6.492676627,14
46049,3G_F1,25938,3G_F1,25938,3G_F1,R,-2.237445628,-10.95674504,50.13855155,12
46049,3G_F1,25939,3G_F1,25939,3G_F1,R,-2.846316886,-10.78599526,13.81636713,22
46049,3G_F1,25930,3G_F1,25930,3G_F1,R,-1.609141042,-5.794987488,45.80572411,27
46049,3G_F1,48718,3G_F1,48718,3G_F1,R,-1.298364846,-13.81457353,42.24964644,7
46049,3G_F1,62597,3G_F1,62597,3G_F1,R,-0.183354133,-5.037884157,98.02177986,25
46049,3G_F1,62598,3G_F1,62598,3G_F1,R,-3.732291226,-7.827956417,10.1656487,24
46049,3G_F1,62599,3G_F1,62599,3G_F1,R,-0.628143774,-11.86174283,72.20004956,22
46049,3G_F1,46048,3G_F1,46048,3G_F1,R,-1.584449004,-2.908832275,25.24526398,6
46040,3G_F1,46049,3G_F1,46049,3G_F1,R,-4.064330322,-1.279988987,44.11016407,18
46040,3G_F1,25938,3G_F1,25938,3G_F1,A,-0.592133541,-2.299936151,92.2967498,24
46040,3G_F1,25930,3G_F1,25930,3G_F1,R,-3.590561864,-7.819234254,60.36791044,25
46040,3G_F1,48718,3G_F1,48718,3G_F1,R,-2.721969125,-0.01436449,95.729276,29
46040,3G_F1,48710,3G_F1,48710,3G_F1,A,-0.911772001,-0.100871363,2.561576211,6
46040,3G_F1,62597,3G_F1,62597,3G_F1,A,-2.645226619,-11.34869761,6.535184542,24
46040,3G_F1,62598,3G_F1,62598,3G_F1,A,-0.175792568,-9.9899731,86.5819105,22
46040,3G_F1,62599,3G_F1,62599,3G_F1,A,-1.587633548,-10.47349586,64.84139743,23
46040,3G_F1,46048,3G_F1,46048,3G_F1,A,-2.333698584,-8.006910833,25.82184968,12
25938,3G_F1,46049,3G_F1,46049,3G_F1,A,-1.587930852,-2.508892891,80.80918997,12
25938,3G_F1,46040,3G_F1,46040,3G_F1,A,-4.891639306,-12.4259731,71.58968334,6
25938,3G_F1,25939,3G_F1,25939,3G_F1,A,-4.250263137,-7.932132664,79.80826269,29
25938,3G_F1,25930,3G_F1,25930,3G_F1,R,-1.418387755,-10.37772698,37.81670348,11
25938,3G_F1,48718,3G_F1,48718,3G_F1,A,-4.220252912,-6.157980001,88.99288208,14
25938,3G_F1,48719,3G_F1,48719,3G_F1,R,-1.062086801,-1.500445036,36.07093435,21
25938,3G_F1,48710,3G_F1,48710,3G_F1,A,-3.398225967,-0.304227928,27.38137987,3
25938,3G_F1,61965,3G_F1,61965,3G_F1,A,-4.224824758,-9.208537482,74.05280398,7
25938,3G_F1,61966,3G_F1,61966,3G_F1,R,-4.669785389,-1.403288216,98.06566739,23
25938,3G_F1,62598,3G_F1,62598,3G_F1,A,-0.52323921,-2.042605544,85.64869405,11
25938,3G_F1,62599,3G_F1,62599,3G_F1,A,-3.486073622,-2.513604924,73.92891805,28
25938,3G_F1,46048,3G_F1,46048,3G_F1,R,-2.112942114,-8.285251244,62.5960607,24
25939,3G_F1,46049,3G_F1,46049,3G_F1,A,-1.097441257,-12.31378313,50.64999624,10
25939,3G_F1,25938,3G_F1,25938,3G_F1,R,-0.072573139,-6.858344508,83.75890756,25
25939,3G_F1,25930,3G_F1,25930,3G_F1,A,-4.088591717,-3.225521457,91.12866852,23
25939,3G_F1,48718,3G_F1,48718,3G_F1,R,-3.154082938,-12.62266564,20.01678555,28
25939,3G_F1,48719,3G_F1,48719,3G_F1,A,-2.629253647,-1.347504237,17.62050074,26
25939,3G_F1,48710,3G_F1,48710,3G_F1,R,-2.648372506,-10.3611525,80.82887809,4
25939,3G_F1,62598,3G_F1,62598,3G_F1,R,-3.368417197,-0.759070751,9.311609127,21
25939,3G_F1,62599,3G_F1,62599,3G_F1,R,-2.309098934,-4.811478543,41.26561045,28
25930,3G_F1,46049,3G_F1,46049,3G_F1,R,-1.374456417,-10.20636346,13.1485604,25
25930,3G_F1,46040,3G_F1,46040,3G_F1,R,-0.457024302,-13.74216712,65.1522023,12
25930,3G_F1,25938,3G_F1,25938,3G_F1,R,-3.037813333,-12.29389037,0.022196351,1
25930,3G_F1,25939,3G_F1,25939,3G_F1,R,-2.587328077,-13.42716351,15.13556336,10
25930,3G_F1,48718,3G_F1,48718,3G_F1,R,-4.639618194,-1.110877232,81.37920196,25
25930,3G_F1,48719,3G_F1,48719,3G_F1,A,-0.219843966,-11.22860455,2.800675958,11
25930,3G_F1,48710,3G_F1,48710,3G_F1,R,-4.095679805,-5.5842967,90.21892398,17
25930,3G_F1,62599,3G_F1,62599,3G_F1,R,-2.458628641,-0.220774172,7.017356196,27
25930,3G_F1,46048,3G_F1,46048,3G_F1,A,-3.19796798,-9.837341912,64.08390349,23
48718,3G_F1,46049,3G_F1,46049,3G_F1,R,-2.361986117,-6.160797653,11.04337319,23
48718,3G_F1,46040,3G_F1,46040,3G_F1,A,-1.326658939,-6.57072795,7.636747343,3
48718,3G_F1,25938,3G_F1,25938,3G_F1,R,-3.827250921,-10.01579631,43.59405979,8
48718,3G_F1,25939,3G_F1,25939,3G_F1,A,-2.924084152,-2.730922669,17.47138349,7
48718,3G_F1,25930,3G_F1,25930,3G_F1,R,-3.532813009,-4.69571008,30.23268263,5
48718,3G_F1,48719,3G_F1,48719,3G_F1,A,-4.990078237,-5.451608143,51.83825423,23
48718,3G_F1,48710,3G_F1,48710,3G_F1,A,-3.411465231,-7.328032034,54.62143686,10
48718,3G_F1,62599,3G_F1,62599,3G_F1,A,-0.555293147,-1.129046212,93.73586501,7
48719,3G_F1,25938,3G_F1,25938,3G_F1,R,-4.745069021,-6.232011846,81.84006008,4
48719,3G_F1,25939,3G_F1,25939,3G_F1,A,-1.767154974,-4.458416533,29.29780351,15
48719,3G_F1,25930,3G_F1,25930,3G_F1,R,-4.432740806,-2.317976408,18.00717213,19
48719,3G_F1,48718,3G_F1,48718,3G_F1,A,-3.398290467,-4.994928512,29.0988013,29
48719,3G_F1,48710,3G_F1,48710,3G_F1,R,-2.662759521,-3.969794621,69.94459384,10
48710,3G_F1,46040,3G_F1,46040,3G_F1,R,-2.033774918,-13.72579492,55.5540571,26
48710,3G_F1,25938,3G_F1,25938,3G_F1,A,-3.485832318,-8.839578763,59.4628909,8
48710,3G_F1,25939,3G_F1,25939,3G_F1,A,-3.798728563,-0.703320984,78.56445548,13
48710,3G_F1,25930,3G_F1,25930,3G_F1,A,-2.363648904,-9.409614795,46.09074518,23
48710,3G_F1,48718,3G_F1,48718,3G_F1,R,-4.677618879,-2.829653777,41.8221484,1
48710,3G_F1,48719,3G_F1,48719,3G_F1,R,-2.162118301,-6.091382902,46.58178423,1
48710,3G_F1,62599,3G_F1,62599,3G_F1,A,-3.00320921,-8.349070211,30.37010345,11
63233,3G_F1,63231,3G_F1,63231,3G_F1,A,-1.988052582,-4.678081206,19.00337736,20
63233,3G_F1,63232,3G_F1,63232,3G_F1,R,-0.679854169,-4.432071112,65.80222946,8
63233,3G_F1,63230,3G_F1,63230,3G_F1,A,-2.927593954,-0.306427344,44.97834094,19
63233,3G_F1,63222,3G_F1,63222,3G_F1,R,-3.893863807,-1.991980012,80.20878792,27
63233,3G_F1,65467,3G_F1,65467,3G_F1,R,-4.758963455,-11.11369699,11.94109008,28
63233,3G_F1,65466,3G_F1,65466,3G_F1,R,-1.560483478,-2.912723774,19.61125906,21
63233,3G_F1,65465,3G_F1,65465,3G_F1,R,-4.326377186,-6.981962694,13.70673572,16
63233,3G_F1,63226,3G_F1,63226,3G_F1,A,-4.200990975,-4.908371079,46.16198562,19
63233,3G_F1,63225,3G_F1,63225,3G_F1,R,-3.573390173,-6.363395008,50.18367224,20
63231,3G_F1,63233,3G_F1,63233,3G_F1,R,-1.236525975,-5.096583969,63.96658277,15
63231,3G_F1,63232,3G_F1,63232,3G_F1,A,-4.989124941,-7.921117208,83.60038424,20
63231,3G_F1,63230,3G_F1,63230,3G_F1,R,-4.034471991,-5.487239214,18.49004405,1
63231,3G_F1,63223,3G_F1,63223,3G_F1,R,-0.064252367,-7.292294935,85.8153268,3
63231,3G_F1,63222,3G_F1,63222,3G_F1,A,-0.791552548,-12.0044476,31.56560387,28
63231,3G_F1,65467,3G_F1,65467,3G_F1,A,-3.20140147,-9.833372244,22.15011282,0
63231,3G_F1,65466,3G_F1,65466,3G_F1,R,-3.369889877,-2.359543397,64.09904537,8
63231,3G_F1,65465,3G_F1,65465,3G_F1,A,-3.136102954,-5.888518886,11.00559374,14
63231,3G_F1,63226,3G_F1,63226,3G_F1,A,-3.538645852,-8.022161651,93.07968139,13
63231,3G_F1,63224,3G_F1,63224,3G_F1,R,-0.863077601,-7.887606521,27.30797271,8
63231,3G_F1,63225,3G_F1,63225,3G_F1,R,-4.790549921,-4.532880529,76.44555115,12
63232,3G_F1,63233,3G_F1,63233,3G_F1,A,-1.044818214,-6.75320679,91.83242758,5
63232,3G_F1,63231,3G_F1,63231,3G_F1,R,-4.067626125,-0.873161931,17.48516942,12
63232,3G_F1,63230,3G_F1,63230,3G_F1,R,-4.919137313,-2.016521378,0.799002638,3
63232,3G_F1,63222,3G_F1,63222,3G_F1,A,-3.849196637,-1.027300329,59.73008103,26
63232,3G_F1,65467,3G_F1,65467,3G_F1,A,-2.648856214,-4.493980717,75.15913548,23
63232,3G_F1,65466,3G_F1,65466,3G_F1,R,-3.032070402,-1.484210801,50.84432666,7
63232,3G_F1,65465,3G_F1,65465,3G_F1,A,-2.683969181,-3.481674779,77.59216279,20
63232,3G_F1,63226,3G_F1,63226,3G_F1,A,-2.726811923,-11.77136424,87.60531277,30
63232,3G_F1,63224,3G_F1,63224,3G_F1,A,-4.345048363,-7.794383882,55.9713884,26
63232,3G_F1,63225,3G_F1,63225,3G_F1,R,-1.915501654,-11.65916126,78.52786026,6
63230,3G_F1,63233,3G_F1,63233,3G_F1,R,-1.611392399,-9.336606532,84.92846732,1
63230,3G_F1,63231,3G_F1,63231,3G_F1,R,-2.176593375,-2.216377013,7.583191346,22
63230,3G_F1,63232,3G_F1,63232,3G_F1,A,-4.562648451,-1.239875177,23.50013184,16
63230,3G_F1,63223,3G_F1,63223,3G_F1,R,-1.961705285,-8.34317798,69.74260098,21
63230,3G_F1,63222,3G_F1,63222,3G_F1,A,-2.98155286,-6.184579569,6.45819832,31
63230,3G_F1,65467,3G_F1,65467,3G_F1,A,-4.741314309,-4.333054725,86.82891694,16
63230,3G_F1,65466,3G_F1,65466,3G_F1,A,-4.862927661,-4.872128324,88.62968558,4
63230,3G_F1,63226,3G_F1,63226,3G_F1,A,-2.881545272,-9.313943257,84.87591613,15
63230,3G_F1,63224,3G_F1,63224,3G_F1,A,-1.119338478,-9.658866274,70.78536399,15
63230,3G_F1,63225,3G_F1,63225,3G_F1,A,-2.980576884,-12.1360092,98.50759943,27
63223,3G_F1,63231,3G_F1,63231,3G_F1,A,-1.812292243,-3.351993737,4.580547597,8
63223,3G_F1,63230,3G_F1,63230,3G_F1,A,-4.739942985,-6.762150148,74.55871481,27
63223,3G_F1,63222,3G_F1,63222,3G_F1,A,-4.4345928,-12.52229161,54.77700868,2
63223,3G_F1,65466,3G_F1,65466,3G_F1,A,-4.531140977,-3.926749364,19.09302566,30
63223,3G_F1,63226,3G_F1,63226,3G_F1,R,-1.672602862,-12.35991291,10.84306664,27
63223,3G_F1,63224,3G_F1,63224,3G_F1,A,-3.352916907,-4.019432113,27.89872031,11
63223,3G_F1,63225,3G_F1,63225,3G_F1,R,-3.348056119,-5.993674643,43.98790023,12
63222,3G_F1,63233,3G_F1,63233,3G_F1,R,-4.173927919,-13.08362636,79.27254133,4
63222,3G_F1,63231,3G_F1,63231,3G_F1,A,-3.844709186,-1.39902234,78.40702369,25
63222,3G_F1,63232,3G_F1,63232,3G_F1,A,-0.766885743,-5.274037154,27.06759101,22
63222,3G_F1,63230,3G_F1,63230,3G_F1,R,-3.022984169,-0.318307347,48.13845193,1
63222,3G_F1,63223,3G_F1,63223,3G_F1,R,-3.870583097,-5.791624309,48.14094429,2
63222,3G_F1,65467,3G_F1,65467,3G_F1,R,-1.226233912,-11.24224582,56.64057389,5
63222,3G_F1,65466,3G_F1,65466,3G_F1,R,-1.597681368,-4.679442129,35.29034992,12
63222,3G_F1,65465,3G_F1,65465,3G_F1,R,-4.331324317,-10.44340111,72.97232266,13
63222,3G_F1,63226,3G_F1,63226,3G_F1,A,-3.342014985,-7.158196102,59.33811974,4
63222,3G_F1,63224,3G_F1,63224,3G_F1,A,-4.496888565,-7.992100876,40.4728088,20
63222,3G_F1,63225,3G_F1,63225,3G_F1,R,-3.264051343,-12.12118116,1.573374428,11
61964,3G_F1,61965,3G_F1,61965,3G_F1,A,-2.698471123,-1.222253653,71.96196438,17
61964,3G_F1,61966,3G_F1,61966,3G_F1,A,-3.657824063,-13.96663822,54.25160652,13
61964,3G_F1,62597,3G_F1,62597,3G_F1,A,-3.561196801,-6.56384127,2.604635795,15
61965,3G_F1,25938,3G_F1,25938,3G_F1,R,-3.768502519,-10.4269282,72.40891963,3
61965,3G_F1,61964,3G_F1,61964,3G_F1,A,-1.075394609,-2.509524358,67.26928518,19
61965,3G_F1,61966,3G_F1,61966,3G_F1,R,-2.02712758,-2.434099713,44.12090865,14
61965,3G_F1,62597,3G_F1,62597,3G_F1,R,-0.77400221,-4.677546702,57.93916588,2
61965,3G_F1,62598,3G_F1,62598,3G_F1,R,-4.560833322,-7.658474129,85.5997997,20
61965,3G_F1,62599,3G_F1,62599,3G_F1,R,-3.0396173,-12.91168634,21.01790989,27
61965,3G_F1,46048,3G_F1,46048,3G_F1,R,-3.186515347,-5.793008928,74.15369311,30
61966,3G_F1,25938,3G_F1,25938,3G_F1,R,-0.155784251,-9.113710312,10.34101529,26
61966,3G_F1,61964,3G_F1,61964,3G_F1,A,-4.891146393,-1.370157294,1.957200221,3
61966,3G_F1,61965,3G_F1,61965,3G_F1,R,-4.964656223,-9.515811525,45.3662239,8
61966,3G_F1,62597,3G_F1,62597,3G_F1,A,-0.977738991,-10.24350424,70.7340011,21
61966,3G_F1,46048,3G_F1,46048,3G_F1,A,-1.357300343,-13.32876536,27.90154323,0
61918,3G_F1,61917,3G_F1,61917,3G_F1,R,-1.327702636,-7.900759859,56.15771428,5
61918,3G_F1,61916,3G_F1,61916,3G_F1,A,-1.066167641,-1.849636562,66.0779432,2
61917,3G_F1,61918,3G_F1,61918,3G_F1,A,-0.163387201,-2.306970937,43.65217872,18
61917,3G_F1,61916,3G_F1,61916,3G_F1,R,-4.651817707,-10.76452496,26.39551904,8
61916,3G_F1,61918,3G_F1,61918,3G_F1,R,-0.352755264,-11.13335421,83.2903638,31
61916,3G_F1,61917,3G_F1,61917,3G_F1,A,-3.663978415,-2.265969675,27.49978159,10
61960,3G_F1,61949,3G_F1,61949,3G_F1,A,-3.942620228,-5.931773128,58.2597526,15
61960,3G_F1,61950,3G_F1,61950,3G_F1,A,-0.27097648,-6.465181037,54.40611953,16
61960,3G_F1,61961,3G_F1,61961,3G_F1,A,-3.110615646,-6.545861094,10.20336579,24
61960,3G_F1,61962,3G_F1,61962,3G_F1,R,-0.004349596,-3.019044327,58.59606676,21
45998,3G_F1,50358,3G_F1,50358,3G_F1,R,-3.881558436,-6.206141005,62.0885723,24
45998,3G_F1,50359,3G_F1,50359,3G_F1,A,-3.616265904,-13.69187323,3.294777209,2
45998,3G_F1,50350,3G_F1,50350,3G_F1,R,-2.945509648,-11.35458462,79.03841241,8
45998,3G_F1,45999,3G_F1,45999,3G_F1,R,-3.486500501,-2.385609961,0.151172145,28
45998,3G_F1,45990,3G_F1,45990,3G_F1,A,-1.428119898,-10.13705273,67.88033935,3
45998,3G_F1,8748,3G_F1,8748,3G_F1,R,-3.196854224,-13.36862951,79.16825785,13
45998,3G_F1,8749,3G_F1,8749,3G_F1,R,-2.447900112,-5.508683025,95.20157287,13
45998,3G_F1,8740,3G_F1,8740,3G_F1,R,-4.56916849,-7.46326506,0.582985013,18
45999,3G_F1,50358,3G_F1,50358,3G_F1,R,-0.525773095,-3.732354591,6.020121465,11
45999,3G_F1,50359,3G_F1,50359,3G_F1,A,-3.002668484,-13.72281158,25.03129241,27
45999,3G_F1,50350,3G_F1,50350,3G_F1,A,-4.088318908,-7.383274277,49.05718114,12
45999,3G_F1,45998,3G_F1,45998,3G_F1,A,-4.352208724,-6.517440931,49.25039458,1
45999,3G_F1,45990,3G_F1,45990,3G_F1,A,-4.264225445,-5.332801267,27.3272548,13
45999,3G_F1,8748,3G_F1,8748,3G_F1,A,-0.164981947,-1.702734808,28.75902008,24
45999,3G_F1,8749,3G_F1,8749,3G_F1,R,-2.146616547,-2.440029252,57.71450636,22
45999,3G_F1,8740,3G_F1,8740,3G_F1,R,-2.019535129,-11.7270152,28.4344284,18
45990,3G_F1,50358,3G_F1,50358,3G_F1,A,-1.924910137,-1.138599387,3.471959003,12
45990,3G_F1,50359,3G_F1,50359,3G_F1,A,-4.774491788,-2.107371964,6.353018176,13
45990,3G_F1,50350,3G_F1,50350,3G_F1,R,-1.649639538,-5.142874855,23.59644224,5
45990,3G_F1,45998,3G_F1,45998,3G_F1,R,-2.279330616,-2.737444573,33.22360206,12
45990,3G_F1,45999,3G_F1,45999,3G_F1,R,-3.509157906,-2.513920855,40.21836869,20
45990,3G_F1,8748,3G_F1,8748,3G_F1,R,-2.102005544,-1.837446443,91.22524895,29
45990,3G_F1,8749,3G_F1,8749,3G_F1,A,-4.578830801,-11.64096621,43.301861,25
45990,3G_F1,8740,3G_F1,8740,3G_F1,A,-2.291493204,-7.150670438,90.25598174,23
45990,3G_F1,62315,3G_F1,62315,3G_F1,R,-4.987495342,-2.828939881,5.118603125,30
45990,3G_F1,62314,3G_F1,62314,3G_F1,R,-0.680372847,-5.465060008,80.74457369,6
62602,3G_F1,62603,3G_F1,62603,3G_F1,A,-4.77439843,-5.655362131,30.57265573,18
62602,3G_F1,62604,3G_F1,62604,3G_F1,A,-3.432795525,-0.47009046,97.98512274,18
62603,3G_F1,62602,3G_F1,62602,3G_F1,R,-1.404621792,-12.6071118,35.7054705,20
62603,3G_F1,62604,3G_F1,62604,3G_F1,A,-0.21871001,-9.974531588,91.08628237,21
62604,3G_F1,62602,3G_F1,62602,3G_F1,A,-4.66395196,-0.089896295,78.21914566,17
62604,3G_F1,62603,3G_F1,62603,3G_F1,R,-4.130113156,-3.821928505,12.75431651,24
62597,3G_F1,46049,3G_F1,46049,3G_F1,R,-0.415452664,-11.8093218,32.02180959,4
62597,3G_F1,46040,3G_F1,46040,3G_F1,R,-0.665416095,-12.02904303,8.332907129,21
62597,3G_F1,61964,3G_F1,61964,3G_F1,A,-2.609840084,-7.078441965,7.494025201,28
62597,3G_F1,61965,3G_F1,61965,3G_F1,A,-4.558125705,-2.051187814,90.24583619,27
62597,3G_F1,61966,3G_F1,61966,3G_F1,R,-2.104863915,-10.26741918,46.68421945,30
62597,3G_F1,62598,3G_F1,62598,3G_F1,R,-3.16776712,-6.14547479,22.46967291,31
62597,3G_F1,62599,3G_F1,62599,3G_F1,R,-2.167083768,-3.512890322,71.54722279,13
62597,3G_F1,46048,3G_F1,46048,3G_F1,A,-1.969445311,-9.52292778,58.91000345,27
62598,3G_F1,46049,3G_F1,46049,3G_F1,A,-2.580974913,-9.715283554,4.794750826,6
62598,3G_F1,46040,3G_F1,46040,3G_F1,R,-3.408629381,-12.71188921,15.63759117,32
62598,3G_F1,25938,3G_F1,25938,3G_F1,A,-1.71852641,-13.82500544,3.443498594,27
62598,3G_F1,25939,3G_F1,25939,3G_F1,A,-2.400025261,-5.928312444,41.79245277,15
62598,3G_F1,61965,3G_F1,61965,3G_F1,A,-3.276480567,-5.446919188,65.73956549,27
62598,3G_F1,62597,3G_F1,62597,3G_F1,R,-3.909873546,-3.322775744,1.785517081,3
62598,3G_F1,62599,3G_F1,62599,3G_F1,R,-1.713493729,-9.248740006,58.32336055,12
62599,3G_F1,46049,3G_F1,46049,3G_F1,R,-4.310303524,-12.09124882,10.73966962,26
62599,3G_F1,46040,3G_F1,46040,3G_F1,A,-3.610786185,-1.299253236,79.52017187,10
62599,3G_F1,25938,3G_F1,25938,3G_F1,A,-0.168482778,-7.404557309,33.5739348,30
62599,3G_F1,25939,3G_F1,25939,3G_F1,R,-3.166976538,-1.376561876,18.03015675,0
62599,3G_F1,25930,3G_F1,25930,3G_F1,R,-2.604407717,-10.24586532,66.06088111,26
62599,3G_F1,48718,3G_F1,48718,3G_F1,R,-1.080515431,-8.404669598,46.09768177,29
62599,3G_F1,48710,3G_F1,48710,3G_F1,A,-2.389757843,-7.001967955,30.07037522,29
62599,3G_F1,61965,3G_F1,61965,3G_F1,R,-0.613388491,-4.765063837,77.163225,29
62599,3G_F1,62597,3G_F1,62597,3G_F1,R,-4.880791017,-1.517005032,76.87800269,32
62599,3G_F1,62598,3G_F1,62598,3G_F1,R,-0.646950754,-1.416265603,89.93517154,22
62599,3G_F1,46048,3G_F1,46048,3G_F1,A,-1.384351998,-8.000055014,16.96657731,27
62695,3G_F1,62696,3G_F1,62696,3G_F1,A,-1.849647013,-9.095550075,58.10608501,14
62695,3G_F1,62697,3G_F1,62697,3G_F1,A,-0.881856061,-4.190846296,35.15397939,2
62696,3G_F1,62695,3G_F1,62695,3G_F1,R,-1.784210546,-1.849613705,70.45887194,2
62696,3G_F1,62697,3G_F1,62697,3G_F1,R,-2.144614687,-6.489374039,93.46632981,28
62696,3G_F1,62363,3G_F1,62363,3G_F1,A,-0.315614119,-4.667743391,27.47818983,19
62697,3G_F1,62695,3G_F1,62695,3G_F1,A,-4.931788335,-9.177697968,75.04461819,19
62697,3G_F1,62696,3G_F1,62696,3G_F1,R,-3.807713922,-8.076096724,2.932787423,23
62697,3G_F1,62362,3G_F1,62362,3G_F1,R,-2.699534963,-5.356304043,14.92824567,21
62697,3G_F1,62363,3G_F1,62363,3G_F1,R,-3.945207198,-5.187899664,11.43478133,11
62594,3G_F1,62595,3G_F1,62595,3G_F1,R,-2.254960567,-13.50845021,15.96976572,24
62594,3G_F1,62596,3G_F1,62596,3G_F1,A,-1.994951482,-0.445841582,81.69063397,0
62595,3G_F1,62594,3G_F1,62594,3G_F1,A,-1.180446767,-4.412470748,1.633528886,15
62595,3G_F1,62596,3G_F1,62596,3G_F1,R,-2.716770361,-2.45877081,80.80905993,10
62595,3G_F1,62361,3G_F1,62361,3G_F1,R,-1.239108075,-4.612628344,45.86615863,9
62595,3G_F1,62693,3G_F1,62693,3G_F1,R,-1.617580657,-2.936161744,69.58058003,6
62595,3G_F1,62692,3G_F1,62692,3G_F1,A,-1.770171485,-1.930844981,40.02212949,10
62596,3G_F1,62594,3G_F1,62594,3G_F1,A,-1.560450152,-4.123284018,34.32949942,26
62596,3G_F1,62595,3G_F1,62595,3G_F1,A,-1.802114859,-9.11933852,38.04024921,21
62362,3G_F1,62697,3G_F1,62697,3G_F1,R,-2.253041312,-8.715850051,75.69648939,31
62362,3G_F1,62363,3G_F1,62363,3G_F1,A,-4.800587185,-9.059568678,35.92726284,23
62362,3G_F1,62361,3G_F1,62361,3G_F1,A,-2.88099259,-1.206927681,16.9851258,4
62363,3G_F1,62696,3G_F1,62696,3G_F1,A,-2.741099066,-2.745866516,89.64153944,9
62363,3G_F1,62697,3G_F1,62697,3G_F1,R,-0.786349696,-2.467127931,23.91578234,26
62363,3G_F1,62362,3G_F1,62362,3G_F1,R,-3.019107372,-2.818825986,8.488454907,18
62363,3G_F1,62361,3G_F1,62361,3G_F1,A,-4.354281114,-3.83052658,9.534749744,16
62361,3G_F1,62595,3G_F1,62595,3G_F1,A,-4.784028945,-4.503225306,0.775650011,20
62361,3G_F1,62362,3G_F1,62362,3G_F1,R,-4.037652862,-6.876024997,72.32109356,2
62361,3G_F1,62363,3G_F1,62363,3G_F1,R,-2.458830253,-11.59824034,93.63576212,31
62361,3G_F1,62693,3G_F1,62693,3G_F1,A,-1.295418581,-6.806675263,56.7768514,5
61949,3G_F1,61950,3G_F1,61950,3G_F1,R,-3.585425315,-3.153571036,71.04259188,0
61950,3G_F1,61949,3G_F1,61949,3G_F1,R,-3.85599102,-5.934305815,21.6862214,4
61950,3G_F1,61962,3G_F1,61962,3G_F1,A,-2.519208935,-3.79349893,48.69411051,23
61961,3G_F1,61960,3G_F1,61960,3G_F1,R,-4.735373081,-9.186593174,39.59170338,23
61961,3G_F1,61949,3G_F1,61949,3G_F1,R,-1.732232685,-1.14602874,12.13335807,5
61961,3G_F1,61950,3G_F1,61950,3G_F1,R,-2.570191537,-9.435564128,26.12194458,7
61961,3G_F1,61962,3G_F1,61962,3G_F1,A,-0.70836992,-3.228398609,72.28360574,19
61962,3G_F1,61960,3G_F1,61960,3G_F1,A,-1.509677673,-0.593627933,96.31548064,9
61962,3G_F1,61949,3G_F1,61949,3G_F1,A,-1.145822953,-11.13850212,27.49684905,5
61962,3G_F1,61950,3G_F1,61950,3G_F1,A,-4.134121389,-3.891021412,59.10610858,23
61962,3G_F1,61961,3G_F1,61961,3G_F1,A,-3.438150854,-12.44268731,76.23242588,26
46048,3G_F1,46049,3G_F1,46049,3G_F1,R,-1.232227569,-1.67198076,5.353091251,18
46048,3G_F1,46040,3G_F1,46040,3G_F1,R,-4.526254844,-9.989766761,94.2499535,15
46048,3G_F1,25938,3G_F1,25938,3G_F1,R,-2.55604425,-2.255456277,63.82795229,29
46048,3G_F1,25930,3G_F1,25930,3G_F1,R,-0.05988712,-4.955088609,52.20356591,17
46048,3G_F1,61965,3G_F1,61965,3G_F1,R,-0.305399391,-7.984232932,61.23044427,17
46048,3G_F1,61966,3G_F1,61966,3G_F1,A,-0.861048394,-0.995721269,41.93407144,23
46048,3G_F1,62597,3G_F1,62597,3G_F1,A,-2.22021287,-12.21386921,6.403126386,13
46048,3G_F1,62599,3G_F1,62599,3G_F1,A,-4.905833331,-3.018080632,39.50486591,1
8748,3G_F1,50358,3G_F1,50358,3G_F1,R,-1.526780656,-10.90217946,61.86952813,10
8748,3G_F1,50359,3G_F1,50359,3G_F1,R,-3.619018702,-1.293208203,74.05747829,10
8748,3G_F1,50350,3G_F1,50350,3G_F1,R,-2.61815984,-6.365293648,0.386890433,13
8748,3G_F1,45998,3G_F1,45998,3G_F1,A,-2.918119562,-4.615137372,86.61650356,5
8748,3G_F1,45999,3G_F1,45999,3G_F1,R,-2.468835904,-11.08018289,19.33418822,8
8748,3G_F1,45990,3G_F1,45990,3G_F1,A,-2.14523929,-4.618828218,90.50396141,15
8748,3G_F1,8749,3G_F1,8749,3G_F1,A,-3.295524373,-4.384996206,41.59246559,25
8748,3G_F1,8740,3G_F1,8740,3G_F1,R,-4.188341758,-12.03796559,12.20593803,15
8749,3G_F1,50358,3G_F1,50358,3G_F1,A,-0.355329634,-5.354285751,88.6230922,23
8749,3G_F1,50359,3G_F1,50359,3G_F1,A,-4.487897071,-11.46726839,67.41799621,0
8749,3G_F1,50350,3G_F1,50350,3G_F1,R,-4.162843326,-7.856359437,50.39842154,24
8749,3G_F1,45998,3G_F1,45998,3G_F1,R,-4.097052785,-9.516448232,52.76232223,13
8749,3G_F1,45999,3G_F1,45999,3G_F1,A,-4.095020734,-4.34955162,20.57041773,21
8749,3G_F1,45990,3G_F1,45990,3G_F1,R,-1.787344814,-0.554338924,75.97696596,19
8749,3G_F1,8748,3G_F1,8748,3G_F1,R,-0.33972047,-13.31249221,3.002368551,32
8749,3G_F1,8740,3G_F1,8740,3G_F1,A,-4.074866154,-9.043238583,1.289801176,9
8740,3G_F1,50358,3G_F1,50358,3G_F1,A,-3.104404762,-10.05247372,8.918350339,2
8740,3G_F1,50359,3G_F1,50359,3G_F1,A,-2.112129267,-0.435402445,30.47881922,8
8740,3G_F1,50350,3G_F1,50350,3G_F1,R,-4.081508247,-10.44754493,61.79903261,32
8740,3G_F1,45998,3G_F1,45998,3G_F1,A,-4.47546382,-0.085154793,66.65755167,16
8740,3G_F1,45999,3G_F1,45999,3G_F1,A,-1.883714925,-5.837248648,13.12260133,5
8740,3G_F1,45990,3G_F1,45990,3G_F1,A,-0.673721416,-7.672703203,59.81674307,3
8740,3G_F1,8748,3G_F1,8748,3G_F1,R,-2.869851819,-4.664514295,52.86070781,29
8740,3G_F1,8749,3G_F1,8749,3G_F1,R,-2.140985445,-13.28713989,57.46134732,19
8740,3G_F1,62315,3G_F1,62315,3G_F1,A,-4.763525097,-7.085703531,5.555871835,17
8740,3G_F1,62314,3G_F1,62314,3G_F1,A,-0.399863243,-0.902836106,87.42361484,8
62441,3G_F1,62442,3G_F1,62442,3G_F1,R,-1.657176634,-2.202202086,15.39996268,9
62441,3G_F1,62440,3G_F1,62440,3G_F1,A,-2.557375331,-10.89126162,1.714246712,7
62441,3G_F1,59878,3G_F1,59878,3G_F1,A,-4.658425966,-13.9858433,19.26960851,15
62441,3G_F1,59879,3G_F1,59879,3G_F1,R,-0.226832512,-4.766691878,22.83977622,14
62441,3G_F1,59870,3G_F1,59870,3G_F1,R,-4.72054208,-3.308194797,50.96472595,26
62442,3G_F1,62441,3G_F1,62441,3G_F1,R,-2.747639088,-0.159783859,54.29724848,3
62442,3G_F1,62440,3G_F1,62440,3G_F1,R,-1.396223605,-12.14774252,53.88418264,8
62442,3G_F1,59878,3G_F1,59878,3G_F1,A,-4.859084959,-5.077723371,11.24935352,8
62442,3G_F1,59879,3G_F1,59879,3G_F1,R,-4.596630172,-9.7377068,17.97775941,7
62442,3G_F1,59870,3G_F1,59870,3G_F1,A,-0.270182502,-13.67576545,83.00211426,28
62442,3G_F1,62446,3G_F1,62446,3G_F1,R,-3.071600273,-1.166411868,11.40885355,24
62440,3G_F1,62441,3G_F1,62441,3G_F1,A,-3.592448303,-9.258311884,29.06747563,18
62440,3G_F1,62442,3G_F1,62442,3G_F1,A,-4.827390952,-11.4082475,69.7704749,19
62440,3G_F1,59878,3G_F1,59878,3G_F1,R,-2.083972218,-1.699440869,5.205514161,29
62440,3G_F1,59879,3G_F1,59879,3G_F1,A,-0.082985805,-13.09104348,54.60594847,14
62440,3G_F1,59870,3G_F1,59870,3G_F1,R,-4.873237808,-2.393479466,52.94104804,14
59878,3G_F1,62441,3G_F1,62441,3G_F1,A,-3.706425222,-12.89753505,98.52375587,15
59878,3G_F1,62442,3G_F1,62442,3G_F1,R,-1.61517801,-5.983514691,73.82302958,21
59878,3G_F1,62440,3G_F1,62440,3G_F1,R,-1.925575233,-10.80532,83.46279873,12
59878,3G_F1,59879,3G_F1,59879,3G_F1,A,-0.882299589,-3.365049871,7.559292247,17
59878,3G_F1,59870,3G_F1,59870,3G_F1,R,-0.867838583,-7.460579935,63.471602,1
59879,3G_F1,62441,3G_F1,62441,3G_F1,A,-3.866463177,-13.63977313,47.24208259,27
59879,3G_F1,62442,3G_F1,62442,3G_F1,A,-3.639808787,-7.28411475,15.81330226,11
59879,3G_F1,62440,3G_F1,62440,3G_F1,R,-1.891209027,-5.807431611,40.03424923,30
59879,3G_F1,59878,3G_F1,59878,3G_F1,A,-1.308899905,-11.35266462,52.72069208,18
59879,3G_F1,59870,3G_F1,59870,3G_F1,R,-4.418298452,-8.148065269,97.25497123,23
59870,3G_F1,62441,3G_F1,62441,3G_F1,R,-1.494437267,-5.508365443,28.31846416,5
59870,3G_F1,62442,3G_F1,62442,3G_F1,A,-4.167023324,-5.486582584,64.49972487,6
59870,3G_F1,62440,3G_F1,62440,3G_F1,R,-4.11631393,-1.258563694,4.063134505,19
59870,3G_F1,59878,3G_F1,59878,3G_F1,R,-0.36569801,-10.88354193,49.92303136,5
59870,3G_F1,59879,3G_F1,59879,3G_F1,R,-0.491430323,-3.058828322,91.67212181,24
62193,3G_F1,62188,3G_F1,62188,3G_F1,A,-0.177562575,-2.166572227,77.18348636,14
62193,3G_F1,62192,3G_F1,62192,3G_F1,R,-2.825447246,-5.262315356,4.560072097,10
62188,3G_F1,62193,3G_F1,62193,3G_F1,A,-0.493905071,-12.91129849,97.27293049,6
62188,3G_F1,62192,3G_F1,62192,3G_F1,A,-4.878491255,-12.24057462,9.876505743,30
62192,3G_F1,62193,3G_F1,62193,3G_F1,A,-2.848756906,-4.059347625,89.18746851,14
62192,3G_F1,62188,3G_F1,62188,3G_F1,A,-4.289057056,-2.02167074,39.19182451,9
62191,3G_F1,62190,3G_F1,62190,3G_F1,R,-4.410609794,-2.407432891,62.71898926,9
62191,3G_F1,62189,3G_F1,62189,3G_F1,A,-3.003342379,-13.96765903,68.39164114,24
62190,3G_F1,62191,3G_F1,62191,3G_F1,A,-2.020561454,-11.85611658,25.13108045,30
62190,3G_F1,62189,3G_F1,62189,3G_F1,A,-2.968303552,-10.54075266,4.31080334,2
62189,3G_F1,62191,3G_F1,62191,3G_F1,A,-0.219643711,-3.750327678,49.9296988,28
62189,3G_F1,62190,3G_F1,62190,3G_F1,A,-4.394729661,-12.92537849,42.14991921,11
61967,3G_F1,61968,3G_F1,61968,3G_F1,A,-0.893168462,-8.181934221,13.95301345,23
61967,3G_F1,61969,3G_F1,61969,3G_F1,R,-3.172432972,-10.6481933,63.5815387,12
61967,3G_F1,61970,3G_F1,61970,3G_F1,A,-2.986394295,-11.78802089,34.07838216,28
61968,3G_F1,61967,3G_F1,61967,3G_F1,R,-4.029927567,-7.563995014,67.82261629,9
61968,3G_F1,61969,3G_F1,61969,3G_F1,A,-3.060922167,-1.872016966,91.68940274,3
61968,3G_F1,61970,3G_F1,61970,3G_F1,A,-4.964825798,-9.59691669,6.689035625,23
61968,3G_F1,61971,3G_F1,61971,3G_F1,A,-1.25928037,-6.370937096,94.26016574,18
61968,3G_F1,61972,3G_F1,61972,3G_F1,R,-3.14155988,-6.99240969,53.31913629,19
61969,3G_F1,61967,3G_F1,61967,3G_F1,R,-3.454490422,-13.84864449,52.95861902,3
61969,3G_F1,61968,3G_F1,61968,3G_F1,A,-0.900161253,-9.099683726,29.87133987,4
61969,3G_F1,61970,3G_F1,61970,3G_F1,A,-1.601954697,-3.416007035,19.87350704,24
61969,3G_F1,61971,3G_F1,61971,3G_F1,A,-2.754570753,-12.0267361,35.77967308,23
61969,3G_F1,61972,3G_F1,61972,3G_F1,R,-0.327928747,-8.121141524,75.26620465,30
61970,3G_F1,61967,3G_F1,61967,3G_F1,R,-0.217640412,-4.508321631,3.401815804,8
61970,3G_F1,61968,3G_F1,61968,3G_F1,A,-0.775169043,-1.94615739,45.01962961,12
61970,3G_F1,61969,3G_F1,61969,3G_F1,R,-0.490614685,-12.0469819,7.06042584,10
61970,3G_F1,61971,3G_F1,61971,3G_F1,R,-2.183652422,-7.019333551,91.89036696,20
61970,3G_F1,61972,3G_F1,61972,3G_F1,A,-0.474358713,-1.18428654,74.73378272,30
61971,3G_F1,61968,3G_F1,61968,3G_F1,A,-1.752495332,-9.403966803,23.18364949,26
61971,3G_F1,61969,3G_F1,61969,3G_F1,A,-1.248470212,-9.446910386,6.804130677,5
61971,3G_F1,61970,3G_F1,61970,3G_F1,R,-4.238379672,-13.92334022,73.48667544,21
61971,3G_F1,61972,3G_F1,61972,3G_F1,A,-4.05306284,-9.221153614,67.60124943,15
61972,3G_F1,61968,3G_F1,61968,3G_F1,R,-1.135910011,-6.382466911,60.25298484,25
61972,3G_F1,61969,3G_F1,61969,3G_F1,R,-4.685439076,-7.512203472,96.02565718,16
61972,3G_F1,61970,3G_F1,61970,3G_F1,R,-3.603659123,-3.330583386,72.31885058,14
61972,3G_F1,61971,3G_F1,61971,3G_F1,R,-4.690733286,-5.40635988,98.54742864,11
62447,3G_F1,62446,3G_F1,62446,3G_F1,A,-0.406366909,-10.80379651,5.92414306,8
62447,3G_F1,62445,3G_F1,62445,3G_F1,R,-3.771975555,-11.64407518,73.53226732,10
62446,3G_F1,62442,3G_F1,62442,3G_F1,A,-1.902181815,-13.74491701,78.27845252,8
62446,3G_F1,62447,3G_F1,62447,3G_F1,A,-0.985524804,-3.493392941,58.69598513,23
62446,3G_F1,62445,3G_F1,62445,3G_F1,A,-0.96968985,-9.109848728,28.83034035,1
62445,3G_F1,62447,3G_F1,62447,3G_F1,A,-0.720360147,-2.978581705,65.23788673,30
62445,3G_F1,62446,3G_F1,62446,3G_F1,A,-0.130608333,-6.002460503,82.72430266,18
62445,3G_F1,1808,3G_F1,1808,3G_F1,R,-2.779740994,-9.652312762,43.3770042,12
62575,3G_F1,62573,3G_F1,62573,3G_F1,A,-2.404924391,-2.365550619,42.35660024,24
62575,3G_F1,62574,3G_F1,62574,3G_F1,R,-3.987592316,-10.60621537,36.799888,12
62573,3G_F1,62575,3G_F1,62575,3G_F1,R,-0.409765426,-11.76242269,82.05535248,17
62573,3G_F1,62574,3G_F1,62574,3G_F1,A,-1.643012616,-1.573922506,74.36622253,14
62574,3G_F1,62575,3G_F1,62575,3G_F1,A,-4.966374392,-4.487840861,14.56194338,9
62574,3G_F1,62573,3G_F1,62573,3G_F1,A,-2.842553556,-4.795901631,44.71844317,4
62693,3G_F1,62595,3G_F1,62595,3G_F1,R,-0.278608997,-3.990357909,67.12250547,11
62693,3G_F1,62361,3G_F1,62361,3G_F1,A,-3.85700486,-10.29323239,33.51062282,14
62693,3G_F1,62694,3G_F1,62694,3G_F1,R,-2.386156902,-0.884878892,1.611635631,10
62693,3G_F1,62692,3G_F1,62692,3G_F1,A,-3.440177154,-9.118210549,39.14763117,30
62694,3G_F1,62693,3G_F1,62693,3G_F1,A,-1.48302402,-0.855892555,57.090554,19
62694,3G_F1,62692,3G_F1,62692,3G_F1,R,-2.205667903,-6.538865029,39.08858729,12
62692,3G_F1,62595,3G_F1,62595,3G_F1,R,-1.282030293,-1.832947783,67.58857996,1
62692,3G_F1,62693,3G_F1,62693,3G_F1,A,-1.984825314,-13.89731548,45.11338389,5
62692,3G_F1,62694,3G_F1,62694,3G_F1,A,-0.978068265,-6.279926958,26.02733183,31
65467,3G_F1,63233,3G_F1,63233,3G_F1,R,-1.70722155,-1.705770029,21.20809897,10
65467,3G_F1,63231,3G_F1,63231,3G_F1,A,-3.235584586,-5.613959283,74.34260791,27
65467,3G_F1,63232,3G_F1,63232,3G_F1,A,-3.076337451,-8.18317314,60.10979952,22
65467,3G_F1,63230,3G_F1,63230,3G_F1,R,-0.093875874,-7.359575067,74.72342955,8
65467,3G_F1,63222,3G_F1,63222,3G_F1,A,-1.734311772,-2.199406867,96.53539114,2
65467,3G_F1,65466,3G_F1,65466,3G_F1,R,-1.659105783,-1.675860486,72.74018868,31
65467,3G_F1,65465,3G_F1,65465,3G_F1,R,-3.974223062,-5.966612825,97.51942341,12
65467,3G_F1,63226,3G_F1,63226,3G_F1,R,-2.589319062,-6.758669337,80.17064078,27
65467,3G_F1,63224,3G_F1,63224,3G_F1,A,-4.13268846,-0.677881766,74.42801671,10
65467,3G_F1,63225,3G_F1,63225,3G_F1,R,-4.765656489,-11.08560352,93.52196145,7
65466,3G_F1,63233,3G_F1,63233,3G_F1,A,-2.81670155,-0.467380233,7.534775101,23
65466,3G_F1,63231,3G_F1,63231,3G_F1,R,-1.883038612,-6.357669098,43.08199317,23
65466,3G_F1,63232,3G_F1,63232,3G_F1,A,-2.820762128,-5.778386546,75.17397286,12
65466,3G_F1,63230,3G_F1,63230,3G_F1,A,-4.386979136,-0.140485324,9.294041128,18
65466,3G_F1,63223,3G_F1,63223,3G_F1,R,-0.220453021,-5.98615895,94.90690771,30
65466,3G_F1,63222,3G_F1,63222,3G_F1,A,-2.119728831,-3.198131891,28.30571581,19
65466,3G_F1,65467,3G_F1,65467,3G_F1,R,-1.356783161,-8.828170024,27.06418052,22
65466,3G_F1,65465,3G_F1,65465,3G_F1,R,-2.641200613,-0.711640499,10.58615247,31
65466,3G_F1,63226,3G_F1,63226,3G_F1,A,-1.648362717,-8.002724319,47.9679692,5
65466,3G_F1,63224,3G_F1,63224,3G_F1,R,-3.181778189,-0.757133901,58.87738274,1
65466,3G_F1,63225,3G_F1,63225,3G_F1,R,-2.805246068,-5.69922488,90.41755295,22
65465,3G_F1,63233,3G_F1,63233,3G_F1,A,-3.120788785,-6.634174534,49.55436284,7
65465,3G_F1,63231,3G_F1,63231,3G_F1,A,-1.646091816,-6.517511628,97.6997085,9
65465,3G_F1,63232,3G_F1,63232,3G_F1,A,-4.040507618,-11.27949588,61.84146261,3
65465,3G_F1,63222,3G_F1,63222,3G_F1,R,-1.367279725,-2.626210015,61.19194026,22
65465,3G_F1,65467,3G_F1,65467,3G_F1,A,-0.532297082,-7.308697899,97.76862339,12
65465,3G_F1,65466,3G_F1,65466,3G_F1,R,-0.698411064,-0.676850975,76.28229045,27
65465,3G_F1,63226,3G_F1,63226,3G_F1,R,-2.824790593,-11.73769427,30.01716242,31
65465,3G_F1,63224,3G_F1,63224,3G_F1,A,-2.829169654,-3.225673734,63.18846178,13
65465,3G_F1,63225,3G_F1,63225,3G_F1,R,-4.948580003,-7.705354213,29.54638125,23
62302,3G_F1,62301,3G_F1,62301,3G_F1,R,-2.409038145,-2.967458922,42.36384163,3
62302,3G_F1,62300,3G_F1,62300,3G_F1,R,-0.029336309,-8.233850684,93.8251664,0
62302,3G_F1,62306,3G_F1,62306,3G_F1,R,-1.827638209,-1.487883331,79.3722921,3
62302,3G_F1,62305,3G_F1,62305,3G_F1,R,-4.540706901,-0.502730283,64.23700387,32
62301,3G_F1,62302,3G_F1,62302,3G_F1,R,-3.30275856,-11.46632485,80.54594752,11
62301,3G_F1,62300,3G_F1,62300,3G_F1,R,-1.077025495,-5.079756672,49.1375668,14
62301,3G_F1,62299,3G_F1,62299,3G_F1,A,-0.286964996,-9.882862807,19.65650783,13
62301,3G_F1,62298,3G_F1,62298,3G_F1,R,-1.532314633,-10.54042188,85.00721469,14
62301,3G_F1,62306,3G_F1,62306,3G_F1,R,-1.871476449,-1.969361842,9.589646798,14
62301,3G_F1,62305,3G_F1,62305,3G_F1,A,-1.396589785,-8.603806594,88.42985359,29
62300,3G_F1,62302,3G_F1,62302,3G_F1,R,-3.920864788,-11.22315867,74.8808165,11
62300,3G_F1,62301,3G_F1,62301,3G_F1,A,-1.991993069,-11.74648872,72.0026053,26
62300,3G_F1,62322,3G_F1,62322,3G_F1,A,-2.886079395,-3.788564171,17.16321909,15
62300,3G_F1,62321,3G_F1,62321,3G_F1,A,-2.443069006,-7.133458448,26.8827347,26
62300,3G_F1,62299,3G_F1,62299,3G_F1,R,-0.466929262,-7.41749487,97.691706,8
62300,3G_F1,62298,3G_F1,62298,3G_F1,R,-1.628876096,-13.78607968,98.81490931,29
62300,3G_F1,62306,3G_F1,62306,3G_F1,A,-0.478517807,-11.43071044,32.27426942,18
62303,3G_F1,62322,3G_F1,62322,3G_F1,R,-0.207886679,-1.340416434,46.9562095,7
62303,3G_F1,62321,3G_F1,62321,3G_F1,A,-0.57166466,-4.31710248,92.84456286,15
62322,3G_F1,62300,3G_F1,62300,3G_F1,A,-4.531858574,-8.948375373,35.44192947,27
62322,3G_F1,62303,3G_F1,62303,3G_F1,R,-4.292606656,-12.61350681,49.9909476,10
62322,3G_F1,62321,3G_F1,62321,3G_F1,A,-1.737090161,-11.08885314,42.77953326,1
62322,3G_F1,62299,3G_F1,62299,3G_F1,A,-0.330596082,-2.412951373,83.02231996,5
62322,3G_F1,62298,3G_F1,62298,3G_F1,A,-4.046302637,-0.548343089,78.68952088,18
62322,3G_F1,62306,3G_F1,62306,3G_F1,A,-3.108453028,-1.296719839,29.19029605,4
62321,3G_F1,62300,3G_F1,62300,3G_F1,A,-3.417814435,-5.244120385,24.33402285,14
62321,3G_F1,62303,3G_F1,62303,3G_F1,R,-2.834427227,-12.11181468,41.78529802,21
62321,3G_F1,62322,3G_F1,62322,3G_F1,A,-2.998497914,-9.287256675,88.51107407,20
62321,3G_F1,62299,3G_F1,62299,3G_F1,A,-1.546411476,-10.27628817,93.04239021,12
62321,3G_F1,62298,3G_F1,62298,3G_F1,A,-1.463352488,-5.166390912,5.779850376,4
62321,3G_F1,62306,3G_F1,62306,3G_F1,R,-4.299379466,-2.444264077,19.98038249,18
62299,3G_F1,62301,3G_F1,62301,3G_F1,A,-2.799311673,-0.581268247,45.31915427,30
62299,3G_F1,62300,3G_F1,62300,3G_F1,A,-2.255389675,-8.708178838,73.28520963,10
62299,3G_F1,62322,3G_F1,62322,3G_F1,A,-3.400939104,-7.651449442,43.19036882,1
62299,3G_F1,62321,3G_F1,62321,3G_F1,A,-3.936615229,-12.43949059,68.60923523,25
62299,3G_F1,62298,3G_F1,62298,3G_F1,R,-3.502671918,-0.04478018,19.22546438,2
62299,3G_F1,62297,3G_F1,62297,3G_F1,R,-4.298055847,-10.75565659,68.14135912,4
62299,3G_F1,62306,3G_F1,62306,3G_F1,A,-1.667046296,-12.52149863,93.1096782,27
62299,3G_F1,62304,3G_F1,62304,3G_F1,A,-0.769706877,-3.498131155,19.37295929,12
62298,3G_F1,62301,3G_F1,62301,3G_F1,R,-4.002082301,-5.698796329,97.72757242,14
62298,3G_F1,62300,3G_F1,62300,3G_F1,A,-2.207592423,-3.045620292,9.634339186,7
62298,3G_F1,62322,3G_F1,62322,3G_F1,R,-4.618888272,-4.120506883,30.9984495,32
62298,3G_F1,62321,3G_F1,62321,3G_F1,A,-1.26635733,-1.590895195,39.48407151,13
62298,3G_F1,62299,3G_F1,62299,3G_F1,A,-0.414982941,-9.313858472,11.48120269,24
62298,3G_F1,62306,3G_F1,62306,3G_F1,R,-0.695277317,-5.959464371,50.78620831,8
62298,3G_F1,62305,3G_F1,62305,3G_F1,R,-1.833448822,-10.53415361,57.11565999,19
62298,3G_F1,62304,3G_F1,62304,3G_F1,A,-1.13646687,-1.173659627,3.732153432,11
62297,3G_F1,62299,3G_F1,62299,3G_F1,R,-4.352191277,-4.66670645,13.75037613,26
62297,3G_F1,62304,3G_F1,62304,3G_F1,R,-0.379393568,-4.469763865,68.48814839,5
62306,3G_F1,62302,3G_F1,62302,3G_F1,A,-3.990653274,-4.034689611,64.37345138,4
62306,3G_F1,62301,3G_F1,62301,3G_F1,R,-4.402674516,-9.232014001,46.79491916,13
62306,3G_F1,62300,3G_F1,62300,3G_F1,A,-0.599979001,-5.450996284,82.37510062,10
62306,3G_F1,62322,3G_F1,62322,3G_F1,R,-3.173331309,-3.125063037,14.21208147,8
62306,3G_F1,62321,3G_F1,62321,3G_F1,A,-0.691956241,-11.95404383,4.733775425,9
62306,3G_F1,62299,3G_F1,62299,3G_F1,R,-0.233926581,-6.271546077,43.95293785,25
62306,3G_F1,62298,3G_F1,62298,3G_F1,R,-0.837502285,-11.48301902,68.72985577,31
62306,3G_F1,62305,3G_F1,62305,3G_F1,A,-1.239617309,-0.353633861,78.77856315,4
62306,3G_F1,62304,3G_F1,62304,3G_F1,R,-3.395556255,-3.861077522,52.59544153,16
62305,3G_F1,62302,3G_F1,62302,3G_F1,A,-1.703775982,-3.74482744,74.91743903,26
62305,3G_F1,62301,3G_F1,62301,3G_F1,R,-4.870134112,-7.398455662,46.62351094,24
62305,3G_F1,62298,3G_F1,62298,3G_F1,A,-2.658731644,-13.04951476,80.06678813,7
62305,3G_F1,62306,3G_F1,62306,3G_F1,A,-3.740978324,-7.048113111,74.08737926,24
62305,3G_F1,62304,3G_F1,62304,3G_F1,A,-4.544417802,-3.750754101,59.65399514,26
62304,3G_F1,62299,3G_F1,62299,3G_F1,R,-2.222624477,-5.701327843,90.55471379,25
62304,3G_F1,62298,3G_F1,62298,3G_F1,A,-3.559544452,-2.753351332,31.19814788,17
62304,3G_F1,62297,3G_F1,62297,3G_F1,R,-0.082547316,-0.558332285,61.741514,14
62304,3G_F1,62306,3G_F1,62306,3G_F1,A,-0.904237383,-0.512084557,51.11730641,24
62304,3G_F1,62305,3G_F1,62305,3G_F1,A,-1.300150357,-1.127571223,66.39255766,14
62315,3G_F1,45990,3G_F1,45990,3G_F1,R,-0.93669634,-8.996591557,1.157528748,4
62315,3G_F1,8740,3G_F1,8740,3G_F1,R,-4.096359482,-3.334278529,73.63870348,30
62315,3G_F1,62314,3G_F1,62314,3G_F1,A,-4.834840818,-6.171750282,7.788374034,30
62315,3G_F1,62313,3G_F1,62313,3G_F1,A,-4.721052286,-11.45177612,65.27125166,30
62315,3G_F1,62403,3G_F1,62403,3G_F1,A,-1.031649073,-9.007524218,9.761587096,14
62314,3G_F1,45990,3G_F1,45990,3G_F1,R,-1.320392876,-13.58297364,38.33845143,8
62314,3G_F1,8740,3G_F1,8740,3G_F1,A,-0.901507046,-11.04559015,66.01116362,20
62314,3G_F1,62315,3G_F1,62315,3G_F1,A,-3.801352187,-10.80165705,15.68443756,15
62314,3G_F1,62313,3G_F1,62313,3G_F1,A,-2.624635182,-3.960971861,12.65113058,8
62313,3G_F1,62315,3G_F1,62315,3G_F1,R,-3.466041641,-9.821862489,98.69699976,23
62313,3G_F1,62314,3G_F1,62314,3G_F1,R,-0.70232987,-8.064932633,3.721751352,11
62408,3G_F1,62407,3G_F1,62407,3G_F1,R,-4.598999683,-12.58364704,18.66190724,20
62408,3G_F1,62406,3G_F1,62406,3G_F1,A,-0.256960325,-1.866967384,93.36505683,17
62408,3G_F1,62411,3G_F1,62411,3G_F1,R,-1.875145583,-4.563974731,12.44771942,26
62408,3G_F1,62410,3G_F1,62410,3G_F1,A,-0.734193265,-10.56027348,64.38856434,23
62408,3G_F1,62409,3G_F1,62409,3G_F1,A,-4.342236431,-4.640325826,25.17099962,10
62408,3G_F1,62404,3G_F1,62404,3G_F1,A,-4.37422899,-7.587753108,73.91235275,27
62408,3G_F1,62403,3G_F1,62403,3G_F1,A,-2.475121457,-1.680234921,58.95208446,6
62407,3G_F1,62408,3G_F1,62408,3G_F1,R,-3.572995193,-0.211600182,99.83620482,9
62407,3G_F1,62406,3G_F1,62406,3G_F1,A,-4.927570908,-7.641185546,7.434065329,23
62407,3G_F1,62411,3G_F1,62411,3G_F1,A,-2.609655427,-6.98390853,67.14123103,28
62407,3G_F1,62410,3G_F1,62410,3G_F1,A,-3.064766045,-8.493688447,27.59885206,3
62407,3G_F1,62409,3G_F1,62409,3G_F1,R,-1.856259008,-1.730377311,97.48695585,18
62406,3G_F1,62408,3G_F1,62408,3G_F1,A,-0.153537633,-1.833834678,83.82191659,25
62406,3G_F1,62407,3G_F1,62407,3G_F1,R,-0.90504591,-11.25539271,28.08845472,32
62406,3G_F1,62411,3G_F1,62411,3G_F1,A,-2.625614604,-5.721379143,7.722161037,6
62406,3G_F1,62410,3G_F1,62410,3G_F1,A,-0.002357691,-0.538366143,37.96449307,2
62406,3G_F1,62409,3G_F1,62409,3G_F1,R,-1.499161949,-6.945332603,84.02103204,30
62411,3G_F1,62408,3G_F1,62408,3G_F1,R,-4.686126458,-9.205645104,18.5525019,7
62411,3G_F1,62407,3G_F1,62407,3G_F1,R,-3.921817187,-4.28946302,79.08190726,7
62411,3G_F1,62406,3G_F1,62406,3G_F1,R,-3.914806327,-6.490152861,48.41373315,25
62411,3G_F1,62410,3G_F1,62410,3G_F1,R,-3.276555687,-0.541860118,23.15926682,20
62411,3G_F1,62409,3G_F1,62409,3G_F1,R,-0.925481828,-3.327139492,43.54987361,31
62410,3G_F1,62408,3G_F1,62408,3G_F1,R,-4.99419068,-1.093983593,75.93629578,25
62410,3G_F1,62407,3G_F1,62407,3G_F1,A,-2.656419536,-0.295473761,68.69063293,15
62410,3G_F1,62406,3G_F1,62406,3G_F1,A,-4.665164682,-7.028081193,86.6639675,11
62410,3G_F1,62411,3G_F1,62411,3G_F1,R,-3.652016878,-2.306799964,49.04253281,4
62410,3G_F1,62409,3G_F1,62409,3G_F1,R,-0.90729764,-11.69423956,29.80743355,15
62409,3G_F1,62408,3G_F1,62408,3G_F1,R,-4.576563026,-3.652644424,6.534086852,29
62409,3G_F1,62407,3G_F1,62407,3G_F1,R,-4.67223862,-9.496702797,96.90055896,7
62409,3G_F1,62406,3G_F1,62406,3G_F1,A,-2.776226643,-5.26485462,45.22340259,8
62409,3G_F1,62411,3G_F1,62411,3G_F1,R,-3.908268427,-13.67832919,87.2770964,19
62409,3G_F1,62410,3G_F1,62410,3G_F1,R,-2.68947708,-2.860006283,56.81293028,27
62404,3G_F1,62408,3G_F1,62408,3G_F1,R,-3.735403442,-13.22078843,0.831780382,30
62403,3G_F1,62315,3G_F1,62315,3G_F1,R,-3.198536562,-1.062423934,18.51096724,26
62403,3G_F1,62408,3G_F1,62408,3G_F1,R,-0.662521064,-9.807576661,67.06391922,16
58671,3G_F1,4568,3G_F1,4568,3G_F1,A,-3.67441057,-2.056368663,63.13775279,5
58671,3G_F1,4569,3G_F1,4569,3G_F1,A,-1.780198693,-0.963440798,62.53472089,13
58671,3G_F1,4560,3G_F1,4560,3G_F1,A,-3.776583863,-9.218443,99.28367287,14
58671,3G_F1,58670,3G_F1,58670,3G_F1,R,-0.332756258,-9.310240811,57.91730744,30
58671,3G_F1,58669,3G_F1,58669,3G_F1,A,-3.699904199,-6.754170309,74.23436328,31
58671,3G_F1,58668,3G_F1,58668,3G_F1,R,-0.885477277,-4.595690191,37.35994168,19
58671,3G_F1,58667,3G_F1,58667,3G_F1,R,-2.390717547,-7.502186306,1.464388613,8
58671,3G_F1,58666,3G_F1,58666,3G_F1,A,-4.509155746,-9.479185076,68.55960204,16
58671,3G_F1,24998,3G_F1,24998,3G_F1,A,-2.294362614,-1.857348814,20.69080555,23
58671,3G_F1,24990,3G_F1,24990,3G_F1,R,-3.675093848,-6.854046521,57.98449828,11
58671,3G_F1,62295,3G_F1,62295,3G_F1,A,-0.742164083,-9.441712329,71.90035958,5
58671,3G_F1,62294,3G_F1,62294,3G_F1,A,-3.179082239,-7.361997317,94.09187952,12
58671,3G_F1,37978,3G_F1,37978,3G_F1,A,-4.477576573,-4.346849968,19.65204813,30
58671,3G_F1,37970,3G_F1,37970,3G_F1,R,-1.467968437,-3.323283105,11.5079826,1
58671,3G_F1,37979,3G_F1,37979,3G_F1,R,-4.55495342,-10.44085263,97.99155504,13
58670,3G_F1,4568,3G_F1,4568,3G_F1,R,-1.670161134,-5.623169061,99.42520194,23
58670,3G_F1,4569,3G_F1,4569,3G_F1,R,-3.287140008,-13.78149909,38.62948743,3
58670,3G_F1,4560,3G_F1,4560,3G_F1,R,-3.898873573,-5.891564439,48.91223885,27
58670,3G_F1,58671,3G_F1,58671,3G_F1,A,-0.822444828,-8.488379923,67.48670844,6
58670,3G_F1,58669,3G_F1,58669,3G_F1,R,-2.064391402,-9.667312728,66.28555366,15
58670,3G_F1,58668,3G_F1,58668,3G_F1,A,-1.50852825,-4.551604986,31.87582476,31
58670,3G_F1,58667,3G_F1,58667,3G_F1,R,-0.257412722,-8.650599875,55.843669,28
58670,3G_F1,58666,3G_F1,58666,3G_F1,R,-1.624445071,-2.106427761,95.70885516,28
58670,3G_F1,24998,3G_F1,24998,3G_F1,A,-4.913492215,-5.673473203,52.90955301,4
58670,3G_F1,24999,3G_F1,24999,3G_F1,A,-0.481381523,-13.57270107,18.49081063,8
58670,3G_F1,24990,3G_F1,24990,3G_F1,A,-4.502038853,-12.81797796,72.13750656,10
58670,3G_F1,62295,3G_F1,62295,3G_F1,R,-0.382186799,-3.554834214,37.6508751,7
58670,3G_F1,62294,3G_F1,62294,3G_F1,A,-0.696673932,-1.598479191,74.41154114,5
58670,3G_F1,37978,3G_F1,37978,3G_F1,R,-4.646459424,-1.791859758,59.85748153,32
58670,3G_F1,37979,3G_F1,37979,3G_F1,R,-3.318024314,-1.156634287,2.557829022,8
58669,3G_F1,4568,3G_F1,4568,3G_F1,A,-4.090008766,-3.187048511,53.48805487,9
58669,3G_F1,4569,3G_F1,4569,3G_F1,R,-0.619610307,-13.57794997,65.19104457,10
58669,3G_F1,4560,3G_F1,4560,3G_F1,R,-0.899132021,-2.878814727,8.829810975,8
58669,3G_F1,58671,3G_F1,58671,3G_F1,A,-0.193577738,-11.46532645,28.44193143,29
58669,3G_F1,58670,3G_F1,58670,3G_F1,A,-2.562227714,-8.208662056,65.93769948,8
58669,3G_F1,58668,3G_F1,58668,3G_F1,A,-2.135068099,-1.45983743,4.700788488,2
58669,3G_F1,58667,3G_F1,58667,3G_F1,A,-4.941879187,-0.985702766,57.98011815,8
58669,3G_F1,58666,3G_F1,58666,3G_F1,R,-0.367686625,-8.138636031,31.30699719,25
58669,3G_F1,24998,3G_F1,24998,3G_F1,A,-1.808515027,-5.332266687,9.140831095,26
58669,3G_F1,24990,3G_F1,24990,3G_F1,R,-0.933808195,-2.816420007,45.83704653,20
58669,3G_F1,62295,3G_F1,62295,3G_F1,A,-1.477641624,-4.663988322,62.94104148,1
58669,3G_F1,62294,3G_F1,62294,3G_F1,R,-0.688489338,-4.275534551,53.84040701,32
58669,3G_F1,37978,3G_F1,37978,3G_F1,A,-0.508557678,-8.869578368,12.04011973,11
58669,3G_F1,37970,3G_F1,37970,3G_F1,R,-4.898937412,-2.475088584,87.53993078,16
58669,3G_F1,37979,3G_F1,37979,3G_F1,R,-0.001324727,-8.022284679,8.261804232,22
58668,3G_F1,4568,3G_F1,4568,3G_F1,R,-1.520946263,-2.702780741,48.17916617,17
58668,3G_F1,4569,3G_F1,4569,3G_F1,R,-2.941214814,-3.956036383,9.821622199,14
58668,3G_F1,4560,3G_F1,4560,3G_F1,R,-4.045354746,-8.710083492,20.99044908,27
58668,3G_F1,58671,3G_F1,58671,3G_F1,R,-1.134216279,-12.49232657,19.04582677,31
58668,3G_F1,58670,3G_F1,58670,3G_F1,A,-4.70357787,-0.969549262,51.64903042,27
58668,3G_F1,58669,3G_F1,58669,3G_F1,A,-3.102899091,-7.443391018,48.13180994,19
58668,3G_F1,58667,3G_F1,58667,3G_F1,R,-4.476136024,-6.318133377,42.08037452,21
58668,3G_F1,58666,3G_F1,58666,3G_F1,A,-3.185190198,-12.61326637,96.27716937,10
58668,3G_F1,24998,3G_F1,24998,3G_F1,A,-4.816297533,-6.709460802,39.73861699,27
58668,3G_F1,24999,3G_F1,24999,3G_F1,A,-0.49840446,-10.43042023,65.85446982,6
58668,3G_F1,24990,3G_F1,24990,3G_F1,A,-2.274224443,-9.43105502,82.23868677,31
58668,3G_F1,62295,3G_F1,62295,3G_F1,R,-0.348242404,-12.54166602,37.53379779,12
58668,3G_F1,62294,3G_F1,62294,3G_F1,R,-2.97474252,-7.45792828,40.16131017,1
58668,3G_F1,37978,3G_F1,37978,3G_F1,A,-4.32556464,-5.731044257,8.516576895,6
58668,3G_F1,37970,3G_F1,37970,3G_F1,A,-0.138869471,-6.988764631,30.43873755,21
58668,3G_F1,37979,3G_F1,37979,3G_F1,R,-1.14356451,-2.249930185,81.69643003,21
58667,3G_F1,4568,3G_F1,4568,3G_F1,A,-0.912981091,-8.675890393,94.12647568,4
58667,3G_F1,4569,3G_F1,4569,3G_F1,R,-2.698173575,-0.419414782,11.19260886,22
58667,3G_F1,4560,3G_F1,4560,3G_F1,A,-3.102586104,-2.798658066,45.44841112,10
58667,3G_F1,58671,3G_F1,58671,3G_F1,A,-3.945000682,-5.884583641,17.63494195,5
58667,3G_F1,58670,3G_F1,58670,3G_F1,A,-1.153951903,-0.329193783,97.60751217,19
58667,3G_F1,58669,3G_F1,58669,3G_F1,A,-3.819836331,-5.38902462,1.248547677,11
58667,3G_F1,58668,3G_F1,58668,3G_F1,R,-0.339979582,-5.308390103,11.62119221,25
58667,3G_F1,24998,3G_F1,24998,3G_F1,R,-4.242088632,-0.286959411,96.37446924,11
58667,3G_F1,24999,3G_F1,24999,3G_F1,A,-0.213410215,-3.105697113,40.68328863,23
58667,3G_F1,24990,3G_F1,24990,3G_F1,R,-1.662611034,-1.792026503,8.139736842,5
58667,3G_F1,62295,3G_F1,62295,3G_F1,A,-1.106279154,-1.238237805,63.14192193,14
58667,3G_F1,62294,3G_F1,62294,3G_F1,R,-2.545056643,-11.35137419,36.0311765,21
58667,3G_F1,37978,3G_F1,37978,3G_F1,A,-2.95627156,-0.107535884,35.69579807,22
58667,3G_F1,37979,3G_F1,37979,3G_F1,A,-4.934033903,-10.10629308,97.85953103,10
58666,3G_F1,4568,3G_F1,4568,3G_F1,A,-1.229672397,-8.327262736,5.717655611,7
58666,3G_F1,4569,3G_F1,4569,3G_F1,A,-3.975029507,-6.449865935,71.43131202,28
58666,3G_F1,4560,3G_F1,4560,3G_F1,A,-1.444650993,-11.17838894,72.92922243,26
58666,3G_F1,58671,3G_F1,58671,3G_F1,R,-2.311307433,-5.674829628,71.95639855,12
58666,3G_F1,58670,3G_F1,58670,3G_F1,R,-3.050946426,-12.13152363,30.84267576,16
58666,3G_F1,58669,3G_F1,58669,3G_F1,R,-4.94134665,-0.869049682,13.63190093,6
58666,3G_F1,58668,3G_F1,58668,3G_F1,A,-0.848741517,-2.194044641,38.62658131,4
58666,3G_F1,24998,3G_F1,24998,3G_F1,R,-1.201253129,-5.322656398,92.78304034,12
58666,3G_F1,24990,3G_F1,24990,3G_F1,A,-4.571070396,-2.278673023,77.33917653,4
58666,3G_F1,62295,3G_F1,62295,3G_F1,R,-0.394611621,-3.582012811,50.38650912,14
58666,3G_F1,62294,3G_F1,62294,3G_F1,R,-1.857733589,-4.084474351,44.18170547,22
58666,3G_F1,37978,3G_F1,37978,3G_F1,A,-3.003366177,-11.64598685,22.51746348,15
58666,3G_F1,37970,3G_F1,37970,3G_F1,A,-0.28492181,-10.30292566,72.41379304,2
58666,3G_F1,37979,3G_F1,37979,3G_F1,R,-0.381694549,-0.032921635,12.39910658,18
24998,3G_F1,4568,3G_F1,4568,3G_F1,A,-0.034556683,-9.942659484,29.82593473,11
24998,3G_F1,4569,3G_F1,4569,3G_F1,R,-0.279038468,-7.672872984,47.16044358,25
24998,3G_F1,24999,3G_F1,24999,3G_F1,A,-3.492215832,-9.502075837,38.43582104,1
24998,3G_F1,24990,3G_F1,24990,3G_F1,A,-2.294355485,-8.867207789,93.59999893,2
24998,3G_F1,62295,3G_F1,62295,3G_F1,A,-4.519479991,-8.170429246,21.29746127,15
24998,3G_F1,37978,3G_F1,37978,3G_F1,A,-3.029691586,-11.23190851,99.04267651,20
24998,3G_F1,37979,3G_F1,37979,3G_F1,R,-1.046552995,-4.89038383,55.19844163,21
24998,3G_F1,62310,3G_F1,62310,3G_F1,A,-2.745276389,-4.277184419,31.22869491,6
24999,3G_F1,4568,3G_F1,4568,3G_F1,R,-2.775440485,-3.01814599,54.51937393,14
24999,3G_F1,4569,3G_F1,4569,3G_F1,A,-0.027763715,-10.70969898,44.38432897,3
24999,3G_F1,4560,3G_F1,4560,3G_F1,R,-1.750242969,-8.38960938,26.03634598,25
24999,3G_F1,24998,3G_F1,24998,3G_F1,A,-0.777067366,-11.16816043,27.86192996,12
24999,3G_F1,24990,3G_F1,24990,3G_F1,R,-0.145314414,-7.287750322,32.6598146,2
24999,3G_F1,62295,3G_F1,62295,3G_F1,A,-4.280156695,-1.621854133,98.19440438,23
24999,3G_F1,37970,3G_F1,37970,3G_F1,A,-2.690682581,-11.36545837,83.56848069,29
24999,3G_F1,37979,3G_F1,37979,3G_F1,A,-3.113794412,-8.49628432,24.54730715,19
24999,3G_F1,62310,3G_F1,62310,3G_F1,R,-2.818415299,-4.950435053,11.61218193,21
24990,3G_F1,4568,3G_F1,4568,3G_F1,R,-2.687674609,-5.122768317,5.633062639,9
24990,3G_F1,4569,3G_F1,4569,3G_F1,A,-1.515206411,-11.72210003,32.39780066,19
24990,3G_F1,4560,3G_F1,4560,3G_F1,R,-3.302556985,-10.13613602,70.94806534,19
24990,3G_F1,24998,3G_F1,24998,3G_F1,A,-2.128797355,-11.20701404,38.96490868,24
24990,3G_F1,24999,3G_F1,24999,3G_F1,R,-2.926945706,-8.609844704,15.4529606,1
24990,3G_F1,62295,3G_F1,62295,3G_F1,A,-3.459922637,-11.14799357,64.71851655,24
24990,3G_F1,62294,3G_F1,62294,3G_F1,A,-1.587998447,-9.114996971,19.78652116,4
24990,3G_F1,37978,3G_F1,37978,3G_F1,A,-4.927503127,-10.73623132,2.864092378,9
24990,3G_F1,37970,3G_F1,37970,3G_F1,A,-1.505894168,-8.803960281,84.84280896,11
24990,3G_F1,37979,3G_F1,37979,3G_F1,A,-4.402786941,-3.685257792,15.84201499,4
24990,3G_F1,62310,3G_F1,62310,3G_F1,A,-3.407353477,-10.70700735,4.661648465,28
62296,3G_F1,4568,3G_F1,4568,3G_F1,R,-2.194687366,-2.752635581,88.36317795,21
62296,3G_F1,62295,3G_F1,62295,3G_F1,R,-1.681213101,-5.588724933,12.67828552,30
62296,3G_F1,62294,3G_F1,62294,3G_F1,R,-0.134235256,-4.323393096,60.25176765,30
62296,3G_F1,37978,3G_F1,37978,3G_F1,R,-4.238849409,-3.419732468,36.45473526,10
62295,3G_F1,4568,3G_F1,4568,3G_F1,R,-3.184428353,-0.313052749,41.82472231,17
62295,3G_F1,4569,3G_F1,4569,3G_F1,A,-1.204516321,-12.95402843,70.50446381,21
62295,3G_F1,4560,3G_F1,4560,3G_F1,A,-4.047578041,-7.307714917,58.02978062,14
62295,3G_F1,24998,3G_F1,24998,3G_F1,R,-0.623117407,-9.055791408,74.56770426,5
62295,3G_F1,24999,3G_F1,24999,3G_F1,R,-1.964753027,-12.8845786,68.24777975,25
62295,3G_F1,24990,3G_F1,24990,3G_F1,R,-3.253446251,-10.82155299,99.71375523,28
62295,3G_F1,62296,3G_F1,62296,3G_F1,R,-4.530045408,-1.426817423,84.02980355,24
62295,3G_F1,62294,3G_F1,62294,3G_F1,A,-4.593230751,-13.40740272,99.11044225,11
62295,3G_F1,37978,3G_F1,37978,3G_F1,R,-1.005219258,-6.451743197,77.52736368,15
62295,3G_F1,37979,3G_F1,37979,3G_F1,R,-0.285502569,-10.23959652,90.50804055,5
62294,3G_F1,24990,3G_F1,24990,3G_F1,A,-1.593269301,-10.09048615,49.75697909,28
62294,3G_F1,62296,3G_F1,62296,3G_F1,A,-0.942633601,-7.846515123,40.74063461,16
62294,3G_F1,62295,3G_F1,62295,3G_F1,A,-2.414579508,-9.625446908,63.43649913,2
62294,3G_F1,37978,3G_F1,37978,3G_F1,A,-1.633481639,-5.280063291,18.90168806,4
62294,3G_F1,37970,3G_F1,37970,3G_F1,A,-1.659114416,-0.533013487,41.74941367,2
62294,3G_F1,37979,3G_F1,37979,3G_F1,A,-4.646750987,-8.029660379,87.90999929,13
37978,3G_F1,4568,3G_F1,4568,3G_F1,R,-4.261901613,-3.157312753,81.91048419,23
37978,3G_F1,4569,3G_F1,4569,3G_F1,R,-1.282794704,-3.883592669,87.62658981,25
37978,3G_F1,4560,3G_F1,4560,3G_F1,R,-0.700903886,-8.724368765,2.86687529,11
37978,3G_F1,24998,3G_F1,24998,3G_F1,A,-4.24668298,-0.069213646,9.174728788,16
37978,3G_F1,24990,3G_F1,24990,3G_F1,A,-3.512209415,-2.585771835,58.74222103,11
37978,3G_F1,62296,3G_F1,62296,3G_F1,A,-0.041557328,-8.419951539,72.84565773,14
37978,3G_F1,62295,3G_F1,62295,3G_F1,R,-3.519376279,-5.263307814,88.4223615,32
37978,3G_F1,62294,3G_F1,62294,3G_F1,A,-4.533579123,-6.930062046,34.74953688,23
37978,3G_F1,37970,3G_F1,37970,3G_F1,R,-2.780276227,-11.64710846,16.06014348,24
37978,3G_F1,37979,3G_F1,37979,3G_F1,A,-3.410125111,-4.951181635,62.14146118,7
37970,3G_F1,4560,3G_F1,4560,3G_F1,R,-3.167507392,-11.79958619,49.79379647,27
37970,3G_F1,24999,3G_F1,24999,3G_F1,R,-3.141368415,-9.527794109,34.36176126,11
37970,3G_F1,24990,3G_F1,24990,3G_F1,R,-4.221027649,-3.280841146,80.19543885,26
37970,3G_F1,62294,3G_F1,62294,3G_F1,A,-4.700688737,-6.387210077,16.6304056,3
37970,3G_F1,37978,3G_F1,37978,3G_F1,A,-4.07245966,-0.950405157,57.91447477,32
37970,3G_F1,37979,3G_F1,37979,3G_F1,R,-0.196696289,-1.740012961,37.56845404,22
37979,3G_F1,4569,3G_F1,4569,3G_F1,A,-4.16509523,-12.61537355,63.72011245,3
37979,3G_F1,4560,3G_F1,4560,3G_F1,A,-4.159734783,-4.542137832,75.34030048,6
37979,3G_F1,24998,3G_F1,24998,3G_F1,A,-1.708004899,-6.631987569,13.31791431,26
37979,3G_F1,24999,3G_F1,24999,3G_F1,R,-0.185532452,-3.907769282,49.63189756,24
37979,3G_F1,24990,3G_F1,24990,3G_F1,R,-1.004755618,-7.075750983,8.040654469,26
37979,3G_F1,62295,3G_F1,62295,3G_F1,R,-0.971092008,-11.31822117,74.96555777,6
37979,3G_F1,62294,3G_F1,62294,3G_F1,A,-2.812872676,-2.474712223,82.0399212,9
37979,3G_F1,37978,3G_F1,37978,3G_F1,R,-2.711987007,-0.851765846,47.25892662,3
37979,3G_F1,37970,3G_F1,37970,3G_F1,A,-3.913819809,-0.991430808,54.51326473,17
62320,3G_F1,62319,3G_F1,62319,3G_F1,A,-1.057521149,-9.43964832,92.58059891,26
62320,3G_F1,62312,3G_F1,62312,3G_F1,A,-2.752598396,-7.1841221,1.58058875,29
62320,3G_F1,62311,3G_F1,62311,3G_F1,R,-4.478343662,-0.665535621,47.51341475,20
62320,3G_F1,62310,3G_F1,62310,3G_F1,A,-2.721091551,-5.022163727,28.94643936,25
62320,3G_F1,62325,3G_F1,62325,3G_F1,A,-0.729452298,-13.72229647,59.02222652,16
62320,3G_F1,62324,3G_F1,62324,3G_F1,R,-4.866234624,-10.28326088,34.07760439,24
62320,3G_F1,62323,3G_F1,62323,3G_F1,R,-3.214501896,-1.805277473,1.754642436,24
62320,3G_F1,62326,3G_F1,62326,3G_F1,A,-3.7272059,-6.786350415,83.12081449,27
62319,3G_F1,62320,3G_F1,62320,3G_F1,R,-0.116144361,-9.569813932,97.96976494,30
62319,3G_F1,62312,3G_F1,62312,3G_F1,A,-0.447931872,-4.210516861,6.212723842,8
62319,3G_F1,62311,3G_F1,62311,3G_F1,R,-1.485020555,-11.216639,32.51237647,29
62319,3G_F1,62310,3G_F1,62310,3G_F1,A,-2.469765529,-6.025400792,14.02894265,29
62319,3G_F1,62325,3G_F1,62325,3G_F1,A,-0.474257782,-3.224096335,90.66571883,11
62319,3G_F1,62324,3G_F1,62324,3G_F1,A,-1.31581128,-12.05479872,97.7619972,11
62319,3G_F1,62323,3G_F1,62323,3G_F1,R,-4.753282006,-7.618090052,3.946174956,11
62319,3G_F1,62326,3G_F1,62326,3G_F1,R,-1.588417071,-0.595260661,93.29892244,23
62312,3G_F1,62320,3G_F1,62320,3G_F1,A,-3.61332005,-1.672679857,44.55289025,17
62312,3G_F1,62319,3G_F1,62319,3G_F1,R,-2.277546763,-8.533501349,90.6051154,24
62312,3G_F1,62311,3G_F1,62311,3G_F1,A,-4.137612648,-7.509231811,50.22347639,20
62312,3G_F1,62310,3G_F1,62310,3G_F1,A,-4.822858624,-2.381366888,0.274299936,13
62312,3G_F1,62325,3G_F1,62325,3G_F1,R,-4.599999834,-10.9870807,48.871737,20
62312,3G_F1,62324,3G_F1,62324,3G_F1,R,-1.220996061,-10.47586272,71.64096438,16
62312,3G_F1,62323,3G_F1,62323,3G_F1,A,-3.203764089,-7.792314242,33.45390935,3
62312,3G_F1,62326,3G_F1,62326,3G_F1,R,-1.836332007,-6.318845439,75.2332059,22
62311,3G_F1,62320,3G_F1,62320,3G_F1,R,-0.135801466,-10.71215543,99.43355558,30
62311,3G_F1,62319,3G_F1,62319,3G_F1,A,-3.937873529,-12.91390638,53.40401575,19
62311,3G_F1,62312,3G_F1,62312,3G_F1,R,-1.442176837,-11.39341841,32.43771797,18
62311,3G_F1,62310,3G_F1,62310,3G_F1,R,-1.786414505,-0.883634469,55.22363564,26
62311,3G_F1,62325,3G_F1,62325,3G_F1,A,-2.614021394,-9.131743347,82.99670818,8
62311,3G_F1,62324,3G_F1,62324,3G_F1,R,-0.236030139,-10.1403915,84.75966752,16
62311,3G_F1,62323,3G_F1,62323,3G_F1,A,-0.183794138,-5.949059767,99.62408135,8
62311,3G_F1,62326,3G_F1,62326,3G_F1,R,-0.720537088,-3.560049619,71.74621584,15
62310,3G_F1,4568,3G_F1,4568,3G_F1,R,-4.9643768,-0.67556752,84.5181979,27
62310,3G_F1,24998,3G_F1,24998,3G_F1,R,-4.896748543,-0.632397734,0.385666774,17
62310,3G_F1,24999,3G_F1,24999,3G_F1,A,-1.145047448,-12.50031129,94.63404381,13
62310,3G_F1,24990,3G_F1,24990,3G_F1,R,-1.625654151,-11.18691657,58.76663959,27
62310,3G_F1,62320,3G_F1,62320,3G_F1,R,-4.392144532,-5.573845096,36.75987229,30
62310,3G_F1,62319,3G_F1,62319,3G_F1,R,-4.553333671,-10.75161201,15.55542404,21
62310,3G_F1,62312,3G_F1,62312,3G_F1,R,-0.141550374,-7.411837168,30.97208493,17
62310,3G_F1,62311,3G_F1,62311,3G_F1,R,-0.796528634,-1.483630789,46.19985281,28
62310,3G_F1,62325,3G_F1,62325,3G_F1,R,-3.173820131,-8.587344965,8.526064861,24
62310,3G_F1,62324,3G_F1,62324,3G_F1,A,-1.194356907,-12.8458591,43.06486827,21
62310,3G_F1,62323,3G_F1,62323,3G_F1,A,-4.396823736,-8.481258467,56.98639784,23
62310,3G_F1,62326,3G_F1,62326,3G_F1,R,-1.068781922,-2.934713667,86.59387179,12
62325,3G_F1,62320,3G_F1,62320,3G_F1,R,-1.862581797,-7.17730335,52.51629344,0
62325,3G_F1,62319,3G_F1,62319,3G_F1,R,-1.466455629,-2.227863013,63.5325827,31
62325,3G_F1,62312,3G_F1,62312,3G_F1,A,-2.46942231,-0.93380232,84.02874676,17
62325,3G_F1,62311,3G_F1,62311,3G_F1,R,-1.293630329,-9.534112413,72.41565206,16
62325,3G_F1,62310,3G_F1,62310,3G_F1,R,-4.11113802,-5.437277034,12.42787942,28
62325,3G_F1,62324,3G_F1,62324,3G_F1,R,-3.393502973,-9.417444498,9.586921685,28
62325,3G_F1,62323,3G_F1,62323,3G_F1,A,-0.386062716,-12.77650867,31.60567253,21
62325,3G_F1,62326,3G_F1,62326,3G_F1,A,-4.347889972,-5.294666805,15.36234445,31
62324,3G_F1,62320,3G_F1,62320,3G_F1,A,-3.396109358,-0.404449098,27.1628502,17
62324,3G_F1,62319,3G_F1,62319,3G_F1,R,-3.284445569,-3.150531482,34.18543417,11
62324,3G_F1,62312,3G_F1,62312,3G_F1,R,-3.346435904,-0.434440793,14.67680769,4
62324,3G_F1,62311,3G_F1,62311,3G_F1,A,-3.933020234,-3.471040663,74.34795228,29
62324,3G_F1,62310,3G_F1,62310,3G_F1,R,-0.398945925,-9.871209452,74.80470483,21
62324,3G_F1,62325,3G_F1,62325,3G_F1,R,-1.770150219,-12.53303941,84.69178853,24
62324,3G_F1,62323,3G_F1,62323,3G_F1,A,-1.562052682,-13.74678991,8.695116344,31
62323,3G_F1,62320,3G_F1,62320,3G_F1,A,-1.417693259,-11.566865,2.469439616,14
62323,3G_F1,62319,3G_F1,62319,3G_F1,R,-4.150101917,-7.476220171,21.93416484,13
62323,3G_F1,62312,3G_F1,62312,3G_F1,A,-1.885618737,-5.835534902,91.81155769,6
62323,3G_F1,62311,3G_F1,62311,3G_F1,A,-0.750960639,-3.967964625,90.74133911,22
62323,3G_F1,62310,3G_F1,62310,3G_F1,A,-0.445387252,-2.46339623,77.57452713,9
62323,3G_F1,62325,3G_F1,62325,3G_F1,A,-0.537463559,-1.225037814,81.66225952,8
62323,3G_F1,62324,3G_F1,62324,3G_F1,A,-4.224524763,-7.250427737,9.796448415,8
62326,3G_F1,62320,3G_F1,62320,3G_F1,R,-1.880634228,-4.268303082,26.98603357,23
62326,3G_F1,62319,3G_F1,62319,3G_F1,R,-0.403274745,-0.980659425,41.0469925,6
62326,3G_F1,62312,3G_F1,62312,3G_F1,R,-4.991555432,-1.512067776,47.0953342,14
62326,3G_F1,62311,3G_F1,62311,3G_F1,A,-3.834972862,-3.880846179,58.69223404,15
62326,3G_F1,62310,3G_F1,62310,3G_F1,R,-1.678555403,-11.98972498,63.09076993,2
62326,3G_F1,62325,3G_F1,62325,3G_F1,R,-3.499317825,-5.455868532,46.55668458,13
33808,3G_F1,33809,3G_F1,33809,3G_F1,R,-4.146240441,-2.103684166,77.98166975,3
33808,3G_F1,33800,3G_F1,33800,3G_F1,R,-2.398381217,-11.05321234,68.03750456,10
33808,3G_F1,1848,3G_F1,1848,3G_F1,R,-3.098424382,-13.25677907,63.17756388,30
33808,3G_F1,14048,3G_F1,14048,3G_F1,A,-2.62047323,-2.453746226,78.03135479,7
33808,3G_F1,14049,3G_F1,14049,3G_F1,A,-0.908230367,-5.019839118,97.57712194,29
33808,3G_F1,14040,3G_F1,14040,3G_F1,R,-4.464176501,-4.557200543,96.15835372,28
33808,3G_F1,22368,3G_F1,22368,3G_F1,R,-3.421834236,-1.315496566,81.50962726,24
33808,3G_F1,22369,3G_F1,22369,3G_F1,R,-3.924764785,-1.295457584,67.95040965,21
33808,3G_F1,22360,3G_F1,22360,3G_F1,R,-3.741138782,-10.13234267,93.37399968,11
33808,3G_F1,45978,3G_F1,45978,3G_F1,R,-0.361264937,-4.637209227,25.46355814,29
33808,3G_F1,17958,3G_F1,17958,3G_F1,R,-0.621947206,-10.96895062,76.60620837,4
33808,3G_F1,19978,3G_F1,19978,3G_F1,R,-3.707715539,-7.951929167,13.41690751,7
33808,3G_F1,19970,3G_F1,19970,3G_F1,R,-2.782024979,-8.28109627,87.35292357,7
33808,3G_F1,1849,3G_F1,1849,3G_F1,A,-2.563989329,-13.8203503,1.011378215,18
33808,3G_F1,1840,3G_F1,1840,3G_F1,R,-3.035545702,-13.74848382,47.21135502,19
33809,3G_F1,33808,3G_F1,33808,3G_F1,A,-1.515975293,-13.34459361,49.15954921,5
33809,3G_F1,33800,3G_F1,33800,3G_F1,R,-2.54540696,-12.1742987,57.23840746,1
33809,3G_F1,1848,3G_F1,1848,3G_F1,A,-1.280885601,-2.33166293,91.55841825,26
33809,3G_F1,22369,3G_F1,22369,3G_F1,R,-4.970233124,-6.822616206,45.49230527,3
33809,3G_F1,22360,3G_F1,22360,3G_F1,R,-4.051765491,-1.701449031,53.59644673,26
33809,3G_F1,45979,3G_F1,45979,3G_F1,R,-1.340508371,-4.222125781,48.03541564,2
33809,3G_F1,17958,3G_F1,17958,3G_F1,R,-3.763793006,-2.942717719,80.07095913,10
33809,3G_F1,17950,3G_F1,17950,3G_F1,R,-1.414879816,-6.830890915,60.12451582,26
33809,3G_F1,19970,3G_F1,19970,3G_F1,R,-2.85494685,-9.410519926,41.37916952,12
33809,3G_F1,1849,3G_F1,1849,3G_F1,A,-1.176907793,-5.031833251,46.07613074,18
33809,3G_F1,1840,3G_F1,1840,3G_F1,A,-2.347225115,-8.908573703,70.60242222,3
33800,3G_F1,33808,3G_F1,33808,3G_F1,R,-1.911675332,-6.926096121,70.54405043,18
33800,3G_F1,33809,3G_F1,33809,3G_F1,R,-4.751984678,-12.81572485,24.60871261,5
33800,3G_F1,1848,3G_F1,1848,3G_F1,A,-0.478635622,-5.718306905,31.4874784,17
33800,3G_F1,14040,3G_F1,14040,3G_F1,A,-0.28329386,-5.423630445,96.91937085,9
33800,3G_F1,22368,3G_F1,22368,3G_F1,A,-4.502908868,-12.9638311,90.20785521,5
33800,3G_F1,22360,3G_F1,22360,3G_F1,A,-1.26372036,-11.11480562,37.29998939,21
33800,3G_F1,45978,3G_F1,45978,3G_F1,R,-0.016822284,-11.81904951,35.35405976,28
33800,3G_F1,45979,3G_F1,45979,3G_F1,R,-2.934760584,-1.146107751,19.85275302,25
33800,3G_F1,45970,3G_F1,45970,3G_F1,A,-2.509113474,-3.035837229,55.76671519,19
33800,3G_F1,17950,3G_F1,17950,3G_F1,A,-0.797682978,-10.10281483,58.38769725,18
33800,3G_F1,19970,3G_F1,19970,3G_F1,A,-1.412432965,-7.190505365,89.13990362,17
33800,3G_F1,1849,3G_F1,1849,3G_F1,A,-4.621538132,-9.977703874,89.60850756,14
33800,3G_F1,1840,3G_F1,1840,3G_F1,A,-3.361654389,-4.794156672,18.00647448,4
1848,3G_F1,33808,3G_F1,33808,3G_F1,A,-1.737927999,-3.138177248,39.63321158,25
1848,3G_F1,33809,3G_F1,33809,3G_F1,R,-0.724856596,-2.292509853,23.24555412,27
1848,3G_F1,33800,3G_F1,33800,3G_F1,A,-2.538295953,-5.666647519,72.17869506,7
1848,3G_F1,22368,3G_F1,22368,3G_F1,R,-1.754062718,-11.69864029,60.73839282,29
1848,3G_F1,45978,3G_F1,45978,3G_F1,A,-2.70841003,-8.436309138,75.94009688,9
1848,3G_F1,45979,3G_F1,45979,3G_F1,R,-3.72587741,-13.35986179,46.15213189,22
1848,3G_F1,17958,3G_F1,17958,3G_F1,A,-1.97117665,-2.98920768,30.90201375,19
1848,3G_F1,17950,3G_F1,17950,3G_F1,A,-2.532898919,-11.86571167,4.155278465,14
1848,3G_F1,19970,3G_F1,19970,3G_F1,A,-2.456162185,-12.8261378,81.26949515,10
1848,3G_F1,1849,3G_F1,1849,3G_F1,R,-3.81070714,-9.518054365,58.87031989,21
1848,3G_F1,1840,3G_F1,1840,3G_F1,A,-3.437421452,-3.700060789,14.14547693,14
8648,3G_F1,8649,3G_F1,8649,3G_F1,A,-3.085718473,-11.90949317,82.79977036,19
8648,3G_F1,8640,3G_F1,8640,3G_F1,R,-2.961454953,-4.332968478,82.39346258,8
8648,3G_F1,14048,3G_F1,14048,3G_F1,R,-0.415988572,-2.741581711,57.26383323,17
8648,3G_F1,14040,3G_F1,14040,3G_F1,A,-4.446258825,-2.460948651,36.05547296,19
8648,3G_F1,19978,3G_F1,19978,3G_F1,A,-0.826119477,-13.09243616,42.44315345,28
8649,3G_F1,8648,3G_F1,8648,3G_F1,A,-3.849890051,-1.172839205,4.224777584,30
8649,3G_F1,8640,3G_F1,8640,3G_F1,A,-2.033445339,-10.98947342,64.81226122,0
8649,3G_F1,14048,3G_F1,14048,3G_F1,A,-1.776504879,-7.748756964,62.80152062,23
8649,3G_F1,14040,3G_F1,14040,3G_F1,A,-0.854485116,-7.987234127,66.36710625,17
8649,3G_F1,1800,3G_F1,1800,3G_F1,A,-0.361349505,-0.823657678,19.76700309,8
8649,3G_F1,22368,3G_F1,22368,3G_F1,R,-4.829344708,-3.073334542,7.742735659,25
8649,3G_F1,45978,3G_F1,45978,3G_F1,A,-4.274841247,-0.256931396,49.28121884,5
8649,3G_F1,45970,3G_F1,45970,3G_F1,R,-3.298467282,-2.833100444,79.59336487,24
8649,3G_F1,19978,3G_F1,19978,3G_F1,A,-4.027712955,-5.265203996,90.96913263,14
8640,3G_F1,8648,3G_F1,8648,3G_F1,A,-3.03951324,-2.974357228,41.66060332,31
8640,3G_F1,8649,3G_F1,8649,3G_F1,R,-3.926144764,-2.675155022,1.202304115,24
8640,3G_F1,14040,3G_F1,14040,3G_F1,A,-4.029843297,-13.41675283,61.31274656,11
8640,3G_F1,22368,3G_F1,22368,3G_F1,A,-2.377447522,-13.98737824,96.33003189,10
8640,3G_F1,22360,3G_F1,22360,3G_F1,R,-4.019422772,-5.211689134,0.231761475,7
8640,3G_F1,45978,3G_F1,45978,3G_F1,R,-4.326418348,-6.111434149,50.01567317,19
8640,3G_F1,45970,3G_F1,45970,3G_F1,R,-3.578938939,-11.75601317,38.7874113,4
14048,3G_F1,33808,3G_F1,33808,3G_F1,R,-0.165958039,-7.599441597,76.20675985,19
14048,3G_F1,8648,3G_F1,8648,3G_F1,A,-2.826189282,-3.75904041,60.64564169,19
14048,3G_F1,8649,3G_F1,8649,3G_F1,R,-0.414809225,-7.582135564,59.85079897,18
14048,3G_F1,14049,3G_F1,14049,3G_F1,R,-1.089591172,-8.253785351,13.23586483,11
14048,3G_F1,14040,3G_F1,14040,3G_F1,A,-2.458014997,-6.412435998,14.24530958,6
14048,3G_F1,1808,3G_F1,1808,3G_F1,R,-0.433906081,-11.84741832,72.35732478,12
14048,3G_F1,1800,3G_F1,1800,3G_F1,R,-0.228641321,-10.15878137,64.48222523,2
14048,3G_F1,22368,3G_F1,22368,3G_F1,R,-2.23067716,-2.967935639,62.77380073,24
14048,3G_F1,22369,3G_F1,22369,3G_F1,A,-0.166155627,-3.143061827,89.25073463,18
14048,3G_F1,19978,3G_F1,19978,3G_F1,R,-4.849061335,-7.356268175,57.72817322,0
14048,3G_F1,19979,3G_F1,19979,3G_F1,R,-2.974103369,-6.911580449,67.86462631,18
14049,3G_F1,33808,3G_F1,33808,3G_F1,A,-3.885364536,-8.6665527,93.58589309,18
14049,3G_F1,14048,3G_F1,14048,3G_F1,A,-0.061141042,-11.11155371,48.38155765,32
14049,3G_F1,14040,3G_F1,14040,3G_F1,A,-1.813137573,-7.137864964,53.14379857,31
14049,3G_F1,1809,3G_F1,1809,3G_F1,R,-0.905246186,-11.45187399,56.78198013,12
14049,3G_F1,1800,3G_F1,1800,3G_F1,R,-2.335749278,-8.924064589,52.01698243,26
14049,3G_F1,22368,3G_F1,22368,3G_F1,R,-4.095904763,-10.39324204,85.76678621,27
14049,3G_F1,22369,3G_F1,22369,3G_F1,R,-4.955843482,-12.10038931,61.93621085,9
14049,3G_F1,17958,3G_F1,17958,3G_F1,A,-4.740921542,-2.009045011,57.62818671,12
14049,3G_F1,19978,3G_F1,19978,3G_F1,A,-2.882258118,-7.61432167,18.83334776,30
14049,3G_F1,19970,3G_F1,19970,3G_F1,A,-4.335696187,-2.579943718,55.47601008,28
14040,3G_F1,33808,3G_F1,33808,3G_F1,A,-1.986622717,-6.709380793,69.82146974,25
14040,3G_F1,33800,3G_F1,33800,3G_F1,A,-2.455185457,-0.591190618,33.03076371,21
14040,3G_F1,8648,3G_F1,8648,3G_F1,R,-3.701062575,-5.820295258,71.1633041,11
14040,3G_F1,8649,3G_F1,8649,3G_F1,A,-2.701392945,-9.031971048,80.97029211,31
14040,3G_F1,8640,3G_F1,8640,3G_F1,A,-0.246604835,-9.588084844,3.34884653,12
14040,3G_F1,14048,3G_F1,14048,3G_F1,R,-2.321794271,-6.289865664,1.64516123,8
14040,3G_F1,14049,3G_F1,14049,3G_F1,R,-3.205011339,-3.716064469,55.63824597,12
14040,3G_F1,1800,3G_F1,1800,3G_F1,A,-3.182398319,-2.641502423,96.60602617,15
14040,3G_F1,22368,3G_F1,22368,3G_F1,A,-2.202896334,-5.333499832,38.83206691,25
14040,3G_F1,22369,3G_F1,22369,3G_F1,R,-0.351978922,-2.843933808,82.88923599,25
14040,3G_F1,22360,3G_F1,22360,3G_F1,A,-0.505253371,-9.496048369,25.63908918,30
14040,3G_F1,45978,3G_F1,45978,3G_F1,A,-1.325710317,-9.157176295,64.40302776,26
14040,3G_F1,45970,3G_F1,45970,3G_F1,R,-3.721237858,-2.610097927,36.05345991,30
14040,3G_F1,19978,3G_F1,19978,3G_F1,R,-2.355427301,-13.86677931,63.4929954,6
14040,3G_F1,19970,3G_F1,19970,3G_F1,R,-0.140446005,-9.475784689,19.12371863,28
14040,3G_F1,1840,3G_F1,1840,3G_F1,A,-3.152359078,-3.72685089,39.68508173,3
61952,3G_F1,61953,3G_F1,61953,3G_F1,R,-0.666963031,-8.548682241,98.54688353,3
61952,3G_F1,61951,3G_F1,61951,3G_F1,A,-0.502202633,-6.412215988,56.19148918,16
61953,3G_F1,61952,3G_F1,61952,3G_F1,A,-3.81205074,-6.796429983,63.03517094,11
61953,3G_F1,61951,3G_F1,61951,3G_F1,R,-3.141881787,-3.686146843,57.2964568,10
61951,3G_F1,61952,3G_F1,61952,3G_F1,R,-1.715149683,-1.305985596,70.25147696,27
61951,3G_F1,61953,3G_F1,61953,3G_F1,A,-4.310711675,-3.591304641,95.09236267,28
63226,3G_F1,63233,3G_F1,63233,3G_F1,R,-4.876499828,-9.411185433,64.3179483,28
63226,3G_F1,63231,3G_F1,63231,3G_F1,R,-3.402286348,-5.472866775,97.55474654,23
63226,3G_F1,63232,3G_F1,63232,3G_F1,A,-2.302311901,-7.349946593,42.62593962,16
63226,3G_F1,63230,3G_F1,63230,3G_F1,R,-1.138094376,-9.494705895,54.83901838,11
63226,3G_F1,63223,3G_F1,63223,3G_F1,A,-4.586755189,-7.409578649,57.5593784,17
63226,3G_F1,63222,3G_F1,63222,3G_F1,R,-0.809620766,-10.13909154,32.18596941,21
63226,3G_F1,65467,3G_F1,65467,3G_F1,A,-2.358953278,-7.742139811,21.35812685,17
63226,3G_F1,65466,3G_F1,65466,3G_F1,A,-1.083485908,-7.519973267,19.46033232,2
63226,3G_F1,65465,3G_F1,65465,3G_F1,R,-3.428760044,-8.039807779,29.25570503,15
63226,3G_F1,63224,3G_F1,63224,3G_F1,R,-1.760348217,-11.95544796,63.82312661,16
63226,3G_F1,63225,3G_F1,63225,3G_F1,A,-1.43511638,-2.908553922,91.53473982,28
63224,3G_F1,63231,3G_F1,63231,3G_F1,R,-4.605116523,-0.628578805,45.31159592,8
63224,3G_F1,63232,3G_F1,63232,3G_F1,A,-0.591641345,-7.109604523,87.92564219,20
63224,3G_F1,63230,3G_F1,63230,3G_F1,R,-0.799016543,-4.975568598,2.772225655,2
63224,3G_F1,63223,3G_F1,63223,3G_F1,A,-0.268787523,-5.061047127,73.11422261,23
63224,3G_F1,63222,3G_F1,63222,3G_F1,A,-3.015474149,-1.770259,69.5744194,12
63224,3G_F1,65467,3G_F1,65467,3G_F1,R,-2.199499459,-4.044066442,39.71133619,20
63224,3G_F1,65466,3G_F1,65466,3G_F1,R,-4.50149735,-3.154634701,80.34780286,9
63224,3G_F1,65465,3G_F1,65465,3G_F1,A,-3.073275631,-8.282686385,3.88275576,30
63224,3G_F1,63226,3G_F1,63226,3G_F1,A,-2.077106615,-8.30112151,28.56875437,27
63224,3G_F1,63225,3G_F1,63225,3G_F1,R,-3.316003641,-3.348765645,26.43165904,4
63225,3G_F1,63233,3G_F1,63233,3G_F1,A,-0.831749759,-7.571947961,17.99079905,23
63225,3G_F1,63231,3G_F1,63231,3G_F1,R,-0.384836045,-11.71920631,62.04445822,10
63225,3G_F1,63232,3G_F1,63232,3G_F1,R,-0.117586609,-2.261178565,37.2090689,30
63225,3G_F1,63230,3G_F1,63230,3G_F1,R,-3.492331283,-3.208737132,96.09621192,11
63225,3G_F1,63223,3G_F1,63223,3G_F1,R,-0.100610475,-9.186455081,18.57252216,1
63225,3G_F1,63222,3G_F1,63222,3G_F1,A,-0.228426344,-1.502664275,40.10072023,1
63225,3G_F1,65467,3G_F1,65467,3G_F1,A,-2.221778326,-6.261181678,69.92599469,19
63225,3G_F1,65466,3G_F1,65466,3G_F1,A,-0.586321042,-10.97016204,63.61832596,21
63225,3G_F1,65465,3G_F1,65465,3G_F1,A,-0.689637841,-6.42098144,5.609892643,10
63225,3G_F1,63226,3G_F1,63226,3G_F1,A,-2.302703455,-4.521355031,7.018813354,23
63225,3G_F1,63224,3G_F1,63224,3G_F1,R,-3.176245487,-6.44599737,71.37295265,10
1808,3G_F1,62445,3G_F1,62445,3G_F1,R,-0.235741855,-5.537007225,24.45068225,13
1808,3G_F1,14048,3G_F1,14048,3G_F1,R,-3.99993141,-2.607509624,16.82653611,29
1808,3G_F1,1809,3G_F1,1809,3G_F1,A,-1.989173955,-7.872137274,35.79429231,11
1808,3G_F1,1800,3G_F1,1800,3G_F1,A,-3.866644789,-0.467786099,71.3937626,12
1808,3G_F1,17959,3G_F1,17959,3G_F1,R,-3.284140629,-2.676331663,96.40389931,18
1808,3G_F1,19978,3G_F1,19978,3G_F1,R,-4.610334085,-11.15075948,71.02623991,9
1809,3G_F1,14049,3G_F1,14049,3G_F1,R,-0.273889757,-5.611759448,68.20042738,24
1809,3G_F1,1808,3G_F1,1808,3G_F1,A,-0.142517582,-7.880078993,60.14018661,5
1809,3G_F1,1800,3G_F1,1800,3G_F1,A,-4.321814872,-9.585073304,53.33053553,20
1809,3G_F1,45979,3G_F1,45979,3G_F1,R,-4.507944257,-2.908810926,94.30658492,24
1809,3G_F1,45970,3G_F1,45970,3G_F1,R,-2.046323209,-9.978939357,64.13833978,30
1809,3G_F1,17958,3G_F1,17958,3G_F1,R,-4.565092188,-1.934341623,56.88636695,1
1809,3G_F1,17959,3G_F1,17959,3G_F1,R,-2.107394858,-5.881502675,0.287572194,22
1809,3G_F1,17950,3G_F1,17950,3G_F1,A,-4.642956205,-3.4562775,4.788911844,23
1809,3G_F1,19979,3G_F1,19979,3G_F1,R,-3.646592548,-7.004825795,30.707454,16
1809,3G_F1,1849,3G_F1,1849,3G_F1,R,-3.890091353,-0.831866279,62.9037742,21
1809,3G_F1,1840,3G_F1,1840,3G_F1,A,-2.84714085,-6.179397875,32.5340386,20
1800,3G_F1,8649,3G_F1,8649,3G_F1,A,-0.921883608,-9.187405808,81.35110265,8
1800,3G_F1,14048,3G_F1,14048,3G_F1,R,-4.75235898,-1.743195817,49.89600583,27
1800,3G_F1,14049,3G_F1,14049,3G_F1,R,-4.110443551,-10.29861686,60.55113917,8
1800,3G_F1,14040,3G_F1,14040,3G_F1,R,-4.935000817,-2.508119591,93.84511278,25
1800,3G_F1,1808,3G_F1,1808,3G_F1,R,-3.548154677,-11.70148767,2.181751683,2
1800,3G_F1,1809,3G_F1,1809,3G_F1,A,-1.744219856,-5.17773696,74.09026417,21
1800,3G_F1,17958,3G_F1,17958,3G_F1,A,-2.707503511,-5.666069506,4.854006757,8
1800,3G_F1,17959,3G_F1,17959,3G_F1,R,-3.052601753,-9.193834235,88.12168977,4
1800,3G_F1,17950,3G_F1,17950,3G_F1,A,-4.640768381,-10.65564503,56.35252377,27
1800,3G_F1,19978,3G_F1,19978,3G_F1,R,-2.961001368,-5.184996748,93.02877655,4
1800,3G_F1,19979,3G_F1,19979,3G_F1,A,-0.469639634,-1.856636877,79.8811876,18
22368,3G_F1,33808,3G_F1,33808,3G_F1,R,-1.132473731,-12.69627094,63.78613214,20
22368,3G_F1,33800,3G_F1,33800,3G_F1,A,-3.35532702,-12.54226712,61.86510888,21
22368,3G_F1,1848,3G_F1,1848,3G_F1,A,-1.265842043,-9.439560487,55.99934683,8
22368,3G_F1,8649,3G_F1,8649,3G_F1,A,-2.828643242,-11.33931453,15.55731558,7
22368,3G_F1,8640,3G_F1,8640,3G_F1,A,-1.221575744,-7.885858722,83.77184101,7
22368,3G_F1,14048,3G_F1,14048,3G_F1,A,-4.665492699,-1.112321395,94.75400297,14
22368,3G_F1,14049,3G_F1,14049,3G_F1,R,-3.063938174,-4.762748145,61.79029778,28
22368,3G_F1,14040,3G_F1,14040,3G_F1,A,-1.262989453,-12.6804727,54.01049728,26
22368,3G_F1,22369,3G_F1,22369,3G_F1,R,-0.78277717,-13.93062716,54.29230373,4
22368,3G_F1,22360,3G_F1,22360,3G_F1,A,-2.654151652,-11.08698844,4.464305684,13
22368,3G_F1,45978,3G_F1,45978,3G_F1,R,-0.503496418,-3.521143625,42.51646721,2
22368,3G_F1,45970,3G_F1,45970,3G_F1,R,-0.64119175,-7.160687401,79.57881484,11
22368,3G_F1,17958,3G_F1,17958,3G_F1,A,-3.31651299,-9.003912206,43.8142082,29
22368,3G_F1,19978,3G_F1,19978,3G_F1,A,-1.051431705,-1.367295459,84.90259858,19
22368,3G_F1,1840,3G_F1,1840,3G_F1,R,-0.184304811,-9.53133162,86.22841156,16
22369,3G_F1,33808,3G_F1,33808,3G_F1,A,-3.942411928,-5.211086429,52.03973017,8
22369,3G_F1,33809,3G_F1,33809,3G_F1,R,-1.611773757,-13.0350296,3.714548738,22
22369,3G_F1,14048,3G_F1,14048,3G_F1,A,-1.246579148,-1.19445833,94.3454592,23
22369,3G_F1,14049,3G_F1,14049,3G_F1,R,-2.226374547,-3.106794028,16.89583376,21
22369,3G_F1,14040,3G_F1,14040,3G_F1,R,-1.166722062,-2.285910442,32.22152897,2
22369,3G_F1,22368,3G_F1,22368,3G_F1,R,-4.799671226,-12.05072619,66.35643214,17
22369,3G_F1,22360,3G_F1,22360,3G_F1,R,-3.013281446,-6.926760863,69.74570672,9
22369,3G_F1,17958,3G_F1,17958,3G_F1,R,-0.536267481,-11.29504895,70.07314583,15
22369,3G_F1,19978,3G_F1,19978,3G_F1,A,-3.484765488,-6.90428323,68.7300586,29
22369,3G_F1,19970,3G_F1,19970,3G_F1,R,-1.427758173,-8.845854228,39.82680531,23
22360,3G_F1,33808,3G_F1,33808,3G_F1,A,-1.651147769,-13.61054767,57.99529342,7
22360,3G_F1,33809,3G_F1,33809,3G_F1,A,-4.751329892,-1.382485449,64.16804166,31
22360,3G_F1,33800,3G_F1,33800,3G_F1,R,-0.528919228,-10.82066275,65.68159847,26
22360,3G_F1,8640,3G_F1,8640,3G_F1,A,-1.768627594,-3.962447825,6.017602954,7
22360,3G_F1,14040,3G_F1,14040,3G_F1,R,-4.680618601,-13.620749,86.52365323,6
22360,3G_F1,22368,3G_F1,22368,3G_F1,R,-2.169229847,-4.102305924,52.1585927,9
22360,3G_F1,22369,3G_F1,22369,3G_F1,R,-2.355254497,-3.293131197,16.04106875,19
22360,3G_F1,45978,3G_F1,45978,3G_F1,R,-3.631651002,-10.61093514,28.14339621,11
22360,3G_F1,45970,3G_F1,45970,3G_F1,R,-1.559441172,-0.567978712,89.30596158,23
22360,3G_F1,1840,3G_F1,1840,3G_F1,R,-2.924072545,-1.38206906,85.67861989,28
45978,3G_F1,33808,3G_F1,33808,3G_F1,A,-4.37411518,-6.367831347,48.13106736,18
45978,3G_F1,33800,3G_F1,33800,3G_F1,A,-0.638686942,-6.619745583,47.54557109,21
45978,3G_F1,1848,3G_F1,1848,3G_F1,A,-2.891923447,-0.133644854,76.22168185,12
45978,3G_F1,8649,3G_F1,8649,3G_F1,A,-3.462941993,-2.325545051,1.010142069,26
45978,3G_F1,8640,3G_F1,8640,3G_F1,A,-4.824560811,-6.532144564,99.28822365,24
45978,3G_F1,14040,3G_F1,14040,3G_F1,A,-2.765323148,-1.05979218,94.2247371,3
45978,3G_F1,22368,3G_F1,22368,3G_F1,R,-2.747965221,-1.150267696,3.353067668,4
45978,3G_F1,22360,3G_F1,22360,3G_F1,R,-4.069629355,-5.510998429,89.13611131,2
45978,3G_F1,45979,3G_F1,45979,3G_F1,R,-4.215838766,-12.64149403,84.52288817,18
45978,3G_F1,45970,3G_F1,45970,3G_F1,R,-2.813857998,-8.653230928,31.22256667,7
45978,3G_F1,1840,3G_F1,1840,3G_F1,A,-4.696439813,-8.905790483,64.35748282,28
45979,3G_F1,33809,3G_F1,33809,3G_F1,A,-4.624336743,-3.935683195,24.10978807,15
45979,3G_F1,33800,3G_F1,33800,3G_F1,A,-2.631525561,-13.88282909,28.92870202,15
45979,3G_F1,1848,3G_F1,1848,3G_F1,R,-0.297089089,-5.6964718,34.08819679,18
45979,3G_F1,1809,3G_F1,1809,3G_F1,R,-3.595176891,-6.700201953,35.94480103,28
45979,3G_F1,45978,3G_F1,45978,3G_F1,A,-1.441386395,-6.652920624,71.35964614,26
45979,3G_F1,45970,3G_F1,45970,3G_F1,R,-2.801245577,-8.691089908,33.76283737,25
45979,3G_F1,17959,3G_F1,17959,3G_F1,R,-0.436708802,-11.12278512,44.67794413,23
45979,3G_F1,17950,3G_F1,17950,3G_F1,A,-4.499953304,-7.335172109,80.13827743,30
45979,3G_F1,1849,3G_F1,1849,3G_F1,R,-2.774852996,-6.347019285,44.2681127,32
45979,3G_F1,1840,3G_F1,1840,3G_F1,R,-0.606377528,-12.36629408,29.05912103,3
45970,3G_F1,33800,3G_F1,33800,3G_F1,R,-3.331704129,-1.059369871,23.48080962,14
45970,3G_F1,8649,3G_F1,8649,3G_F1,R,-0.073289142,-3.740734764,30.29353412,30
45970,3G_F1,8640,3G_F1,8640,3G_F1,A,-0.015888027,-13.73950335,41.09375255,18
45970,3G_F1,14040,3G_F1,14040,3G_F1,A,-2.769769837,-9.460912494,30.02623471,30
45970,3G_F1,1809,3G_F1,1809,3G_F1,R,-4.666712427,-7.640138658,45.54007856,31
45970,3G_F1,22368,3G_F1,22368,3G_F1,R,-1.334357539,-10.24107655,81.93663663,9
45970,3G_F1,22360,3G_F1,22360,3G_F1,A,-2.323215497,-13.63106774,23.6868925,9
45970,3G_F1,45978,3G_F1,45978,3G_F1,R,-1.905863184,-4.127696427,17.38675434,18
45970,3G_F1,45979,3G_F1,45979,3G_F1,R,-4.753090489,-3.462503693,40.47467636,6
45970,3G_F1,17950,3G_F1,17950,3G_F1,R,-0.010232645,-6.432550202,11.91193002,5
45970,3G_F1,19970,3G_F1,19970,3G_F1,R,-1.811484321,-13.39833677,35.84990063,13
45970,3G_F1,1849,3G_F1,1849,3G_F1,A,-0.56815012,-10.92577276,14.23239593,23
45970,3G_F1,1840,3G_F1,1840,3G_F1,R,-4.989856084,-3.183311725,73.81292843,12
17958,3G_F1,33808,3G_F1,33808,3G_F1,R,-2.722243417,-4.972060731,76.05378834,13
17958,3G_F1,33809,3G_F1,33809,3G_F1,A,-1.882434635,-7.500506252,39.85932944,18
17958,3G_F1,1848,3G_F1,1848,3G_F1,R,-1.403398548,-2.973559898,30.61038702,2
17958,3G_F1,14049,3G_F1,14049,3G_F1,R,-2.251122457,-10.81049763,13.49052804,13
17958,3G_F1,1809,3G_F1,1809,3G_F1,R,-3.467662105,-9.862496974,62.67301325,13
17958,3G_F1,1800,3G_F1,1800,3G_F1,R,-4.095614513,-8.769153669,87.66204743,23
17958,3G_F1,22368,3G_F1,22368,3G_F1,A,-3.290096688,-6.715615662,7.244081779,21
17958,3G_F1,22369,3G_F1,22369,3G_F1,A,-2.309778902,-6.4378392,68.19733524,12
17958,3G_F1,17959,3G_F1,17959,3G_F1,A,-1.508241732,-3.079203477,30.228351,19
17958,3G_F1,17950,3G_F1,17950,3G_F1,R,-3.509234029,-9.209568655,34.96793785,3
17958,3G_F1,19979,3G_F1,19979,3G_F1,A,-0.893936774,-10.58372636,43.51140503,28
17958,3G_F1,19970,3G_F1,19970,3G_F1,R,-1.462439321,-2.852071297,17.27857471,0
17958,3G_F1,1849,3G_F1,1849,3G_F1,R,-2.780267457,-9.461810534,33.73211252,11
17959,3G_F1,1808,3G_F1,1808,3G_F1,R,-0.125747633,-6.267200697,33.41501456,16
17959,3G_F1,1809,3G_F1,1809,3G_F1,R,-4.38967913,-2.006377988,22.36239032,15
17959,3G_F1,1800,3G_F1,1800,3G_F1,A,-4.354610661,-11.14905574,3.392075576,27
17959,3G_F1,45979,3G_F1,45979,3G_F1,A,-3.703770521,-3.40738628,1.011008157,31
17959,3G_F1,17958,3G_F1,17958,3G_F1,A,-4.973568123,-4.409901965,25.77079681,22
17959,3G_F1,17950,3G_F1,17950,3G_F1,A,-2.06228532,-8.950693994,36.3168841,6
17959,3G_F1,19979,3G_F1,19979,3G_F1,R,-3.882987564,-13.01308432,26.56780195,16
17959,3G_F1,1849,3G_F1,1849,3G_F1,R,-2.183133803,-1.190654706,14.38441663,26
17950,3G_F1,33809,3G_F1,33809,3G_F1,A,-4.662399267,-10.59099109,31.22161801,20
17950,3G_F1,33800,3G_F1,33800,3G_F1,A,-2.386706831,-5.253877028,26.78511825,4
17950,3G_F1,1848,3G_F1,1848,3G_F1,R,-2.421893421,-9.251077804,96.95725044,26
17950,3G_F1,1809,3G_F1,1809,3G_F1,R,-2.548238797,-0.171935328,89.22374241,22
17950,3G_F1,1800,3G_F1,1800,3G_F1,R,-3.481227383,-4.424299646,39.29379914,3
17950,3G_F1,45979,3G_F1,45979,3G_F1,R,-2.36395242,-1.573112295,44.44681422,0
17950,3G_F1,45970,3G_F1,45970,3G_F1,R,-1.29301924,-5.86408086,18.81238245,22
17950,3G_F1,17958,3G_F1,17958,3G_F1,R,-4.979032836,-0.620914491,73.93007984,7
17950,3G_F1,17959,3G_F1,17959,3G_F1,A,-3.73827628,-6.922978444,88.42047789,3
17950,3G_F1,19970,3G_F1,19970,3G_F1,R,-0.003561981,-4.322705799,75.55037991,14
17950,3G_F1,1849,3G_F1,1849,3G_F1,R,-1.420438847,-9.081247907,23.60503969,10
17950,3G_F1,1840,3G_F1,1840,3G_F1,R,-3.972907911,-1.078161071,86.72772504,14
19978,3G_F1,33808,3G_F1,33808,3G_F1,A,-3.276508887,-0.572748495,44.04668492,23
19978,3G_F1,8648,3G_F1,8648,3G_F1,R,-2.333350948,-2.581722751,15.21147233,27
19978,3G_F1,8649,3G_F1,8649,3G_F1,A,-2.267570896,-9.392377738,62.87612872,2
19978,3G_F1,14048,3G_F1,14048,3G_F1,R,-4.334336995,-5.341821405,76.58480809,8
19978,3G_F1,14049,3G_F1,14049,3G_F1,A,-1.30507078,-4.827702128,92.40003082,3
19978,3G_F1,14040,3G_F1,14040,3G_F1,R,-0.790830163,-6.593287847,60.35023266,20
19978,3G_F1,1808,3G_F1,1808,3G_F1,R,-3.996216538,-6.303466619,37.43254749,21
19978,3G_F1,1800,3G_F1,1800,3G_F1,R,-3.242570095,-10.89768153,43.77605678,28
19978,3G_F1,22368,3G_F1,22368,3G_F1,R,-0.190532412,-2.786406562,68.15164668,15
19978,3G_F1,22369,3G_F1,22369,3G_F1,R,-0.223544248,-3.697686848,10.35346611,16
19978,3G_F1,19979,3G_F1,19979,3G_F1,A,-3.111438605,-1.409080067,85.76236834,21
19978,3G_F1,19970,3G_F1,19970,3G_F1,R,-1.125514634,-2.033612971,41.59973232,12
19979,3G_F1,14048,3G_F1,14048,3G_F1,R,-3.543706404,-2.738966601,72.64376631,3
19979,3G_F1,1809,3G_F1,1809,3G_F1,A,-2.543223335,-5.01848957,81.40817591,17
19979,3G_F1,1800,3G_F1,1800,3G_F1,A,-2.138461186,-6.099957722,62.04595297,28
19979,3G_F1,17958,3G_F1,17958,3G_F1,A,-0.932386085,-7.861248886,23.67358252,10
19979,3G_F1,17959,3G_F1,17959,3G_F1,A,-2.484563571,-2.238097708,57.47147158,28
19979,3G_F1,19978,3G_F1,19978,3G_F1,A,-1.389011864,-5.247360453,91.86188661,26
19979,3G_F1,19970,3G_F1,19970,3G_F1,R,-2.595635526,-1.545687165,2.595470318,20
19970,3G_F1,33808,3G_F1,33808,3G_F1,A,-3.263316168,-11.33576387,99.51320766,13
19970,3G_F1,33809,3G_F1,33809,3G_F1,A,-4.399318037,-7.111355791,53.62050279,28
19970,3G_F1,33800,3G_F1,33800,3G_F1,R,-3.350883995,-9.403809885,59.71175605,23
19970,3G_F1,1848,3G_F1,1848,3G_F1,R,-2.931219451,-9.219741574,21.64932122,28
19970,3G_F1,14049,3G_F1,14049,3G_F1,A,-2.553081409,-9.813118038,86.77706958,22
19970,3G_F1,14040,3G_F1,14040,3G_F1,R,-0.48292262,-4.034948444,2.52952448,10
19970,3G_F1,22369,3G_F1,22369,3G_F1,A,-2.540877044,-10.31496181,67.24688402,10
19970,3G_F1,45970,3G_F1,45970,3G_F1,R,-1.583902019,-9.279430993,49.82472579,14
19970,3G_F1,17958,3G_F1,17958,3G_F1,A,-3.812284885,-2.754680202,83.10130551,2
19970,3G_F1,17950,3G_F1,17950,3G_F1,R,-2.415930003,-6.845768454,35.59403561,21
19970,3G_F1,19978,3G_F1,19978,3G_F1,R,-3.012278628,-12.0796277,17.70859351,5
19970,3G_F1,19979,3G_F1,19979,3G_F1,R,-1.101665226,-5.497829025,93.155935,10
19970,3G_F1,1840,3G_F1,1840,3G_F1,A,-2.661935443,-9.452719404,31.75585826,1
62764,3G_F1,62767,3G_F1,62767,3G_F1,A,-2.269585754,-13.56645628,43.96178667,21
62764,3G_F1,62763,3G_F1,62763,3G_F1,A,-1.019156519,-13.10922068,51.10853589,30
62767,3G_F1,62764,3G_F1,62764,3G_F1,R,-1.403648145,-11.7389568,17.05013272,14
62767,3G_F1,62763,3G_F1,62763,3G_F1,R,-2.167567057,-8.185693893,88.35306643,6
1849,3G_F1,33808,3G_F1,33808,3G_F1,R,-2.283665778,-9.261200878,92.01312463,20
1849,3G_F1,33809,3G_F1,33809,3G_F1,A,-2.959010557,-10.54254271,71.7981721,17
1849,3G_F1,33800,3G_F1,33800,3G_F1,R,-1.38370693,-3.362951766,27.41781273,31
1849,3G_F1,1848,3G_F1,1848,3G_F1,R,-3.208498371,-5.273778277,52.89432615,8
1849,3G_F1,1809,3G_F1,1809,3G_F1,R,-4.422527698,-11.3798615,71.86423562,2
1849,3G_F1,45979,3G_F1,45979,3G_F1,R,-4.992615019,-12.54350787,26.92300071,28
1849,3G_F1,45970,3G_F1,45970,3G_F1,R,-2.429284364,-1.028050526,5.761670987,16
1849,3G_F1,17958,3G_F1,17958,3G_F1,R,-3.720332322,-13.29942534,24.54909073,14
1849,3G_F1,17959,3G_F1,17959,3G_F1,R,-1.437684797,-3.593410558,4.918231031,17
1849,3G_F1,17950,3G_F1,17950,3G_F1,R,-4.546494716,-2.44497794,67.88687859,2
1849,3G_F1,1840,3G_F1,1840,3G_F1,R,-4.466517222,-9.169105954,34.54760842,32
62763,3G_F1,62764,3G_F1,62764,3G_F1,A,-2.457270989,-2.820875838,73.39657538,31
62763,3G_F1,62767,3G_F1,62767,3G_F1,R,-4.695873456,-5.746816804,83.65470672,32
1840,3G_F1,33808,3G_F1,33808,3G_F1,R,-0.729265619,-1.925880115,97.7940753,7
1840,3G_F1,33809,3G_F1,33809,3G_F1,R,-1.101848439,-13.61301145,86.07279421,28
1840,3G_F1,33800,3G_F1,33800,3G_F1,R,-0.540418542,-10.70545326,54.97191547,15
1840,3G_F1,1848,3G_F1,1848,3G_F1,A,-1.049895797,-12.15699195,20.85625211,14
1840,3G_F1,14040,3G_F1,14040,3G_F1,R,-4.124110185,-8.413765411,72.59179833,9
1840,3G_F1,1809,3G_F1,1809,3G_F1,A,-1.512438996,-10.81138183,61.89929074,29
1840,3G_F1,22368,3G_F1,22368,3G_F1,R,-4.768723456,-9.530255463,7.774851266,4
1840,3G_F1,22360,3G_F1,22360,3G_F1,R,-1.055290412,-0.120153652,69.79956119,10
1840,3G_F1,45978,3G_F1,45978,3G_F1,A,-4.146687895,-3.155363213,25.26141422,11
1840,3G_F1,45979,3G_F1,45979,3G_F1,A,-3.95645466,-7.286047092,14.79460557,22
1840,3G_F1,45970,3G_F1,45970,3G_F1,A,-0.051949136,-2.132861518,14.35138357,12
1840,3G_F1,17950,3G_F1,17950,3G_F1,A,-4.707811454,-8.465499644,73.01597357,27
1840,3G_F1,19970,3G_F1,19970,3G_F1,A,-1.705021806,-6.051465141,80.35443844,8
1840,3G_F1,1849,3G_F1,1849,3G_F1,A,-4.991320309,-11.82093186,20.33653269,21
